timestamp_ns,collection,mark_time_ns,sweep_time_ns
9744745,0,150156,48994
14356425,1,116623,16010
17779520,2,50687,11572
21326712,3,13846,8406
25127717,4,37291,11291
28766543,5,36159,10550
32379510,6,69943,14377
35620948,7,55787,12794
39163932,8,14297,9207
42804391,9,39595,11132
46433959,10,35989,10029
50001139,11,36028,10551
53512021,12,65455,15149
56663989,13,57770,12233
60045094,14,40778,12724
63470223,15,12554,7885
67078642,16,35347,10199
70541001,17,35558,9919
74008661,18,35518,10570
77465681,19,63721,13105
80525824,20,54063,12173
83840582,21,40437,10119
87219543,22,41208,12454
90615766,23,45758,12864
94011559,24,41419,13446
97421799,25,40939,13886
100845936,26,40668,13986
104322082,27,39876,14217
107782468,28,41439,13526
111199021,29,41048,14367
114688813,30,41709,15299
118100005,31,40517,15279
121511498,32,41108,15650
124910998,33,12263,8877
128466866,34,35317,9829
131933805,35,35788,10430
135404310,36,35608,10049
138860067,37,63962,13596
141932163,38,53672,12213
145240078,39,40567,10931
148613117,40,40107,12394
152011736,41,17764,9668
155522838,42,32142,9638
159168097,43,35688,10710
162642109,44,37922,11241
166224808,45,67629,14016
169499349,46,65004,13225
173068593,47,45106,13766
176662273,48,44825,13125
180256123,49,43443,14297
183842229,50,43914,14387
187443304,51,42861,15310
191058825,52,46289,15309
194715535,53,44245,15419
198390240,54,47120,17022
201992967,55,44004,16461
205637584,56,44255,15850
209251904,57,43793,16982
212800628,58,43623,16221
216354131,59,13055,8527
220054465,60,37080,10801
223627054,61,36700,10741
227172663,62,36540,10790
230730575,63,65545,13946
233876060,64,55426,12524
237284187,65,41910,11201
240721609,66,41188,12604
244178549,67,41208,13566
247623435,68,41229,13826
251235370,69,13656,9248
255126988,70,38954,11202
258708595,71,39896,11152
262310651,72,35768,10450
265911876,73,64533,13315
269132985,74,55486,12364
272607599,75,12443,8096
276344051,76,35778,10851
279953471,77,36299,11041
283467990,78,35397,10791
286942954,79,63761,13566
290012775,80,27673,9257
293557622,81,35427,10921
297032415,82,35558,10520
300486690,83,63291,13225
303571120,84,52850,11663
306895997,85,40027,12514
310284166,86,40507,12353
313681471,87,40347,13165
317083256,88,40407,13966
320496933,89,40116,13145
323967738,90,12344,8326
327533986,91,35197,9959
330976758,92,35528,10380
334406726,93,62790,12965
337523708,94,50646,11642
340871669,95,12344,8526
344465580,96,36139,10309
347940103,97,35317,10079
351386752,98,35188,10089
354836558,99,63802,13325
357999658,100,55646,11732
361333463,101,39936,12634
364740137,102,40356,12124
368189021,103,40066,13436
371575095,104,12243,8907
375130782,105,35157,9729
378569597,106,35087,9919
382033370,107,35167,10349
385494066,108,63932,13947
388571011,109,53913,12474
391900237,110,40928,10861
395276964,111,40627,12624
398673628,112,40006,12474
402074982,113,39976,13646
405493838,114,12384,8426
409070205,115,35799,10389
412547844,116,35077,10460
415999353,117,63121,12884
419111065,118,22553,9038
422663918,119,35577,10470
426135375,120,35357,11011
429607743,121,62900,13366
432702583,122,51428,11872
436043972,123,40216,12654
439507674,124,39866,12343
442902465,125,40357,13155
446296955,126,40016,13676
449718277,127,40226,13927
453128958,128,40838,14577
456531564,129,40607,14458
459924822,130,40397,15299
463316707,131,39986,14618
466710676,132,12364,8346
470290380,133,35307,10400
473767237,134,35357,9879
477226191,135,35267,10270
480682609,136,63832,13366
483760085,137,54204,11933
487071367,138,39736,11161
490567902,139,13486,9037
494157635,140,35317,9929
497644571,141,64152,12594
500847737,142,19377,8877
504452748,143,36079,10350
507941669,144,35818,11382
511584011,145,38524,14678
515081969,146,64954,13145
518161759,147,55637,12083
521510372,148,41399,10180
524912978,149,12123,8186
528492812,150,35648,10249
532093696,151,39395,10881
535599268,152,35508,10179
539156208,153,66708,13626
542364173,154,57339,12635
545838406,155,12714,8346
549578605,156,37211,10510
553181182,157,36570,10680
556775453,158,65645,13386
560017092,159,51999,11722
563497927,160,41539,13055
567002076,161,13075,9348
570683373,162,36289,10300
574256374,163,36008,10420
577803545,164,36610,10400
581347811,165,66016,13646
584487566,166,54904,12645
587879321,167,41439,10350
591463554,168,43092,12774
594957343,169,14087,9498
598700228,170,36359,10891
602188787,171,35608,10380
605674462,172,35507,10240
609155477,173,64593,14027
612257560,174,54664,12073
615590122,175,12253,7845
619185786,176,35207,10370
622655429,177,35388,10760
626233139,178,65475,13586
629347135,179,25027,9028
632926107,180,35567,10671
636434504,181,35728,10691
639928113,182,63942,13446
643029665,183,51729,11682
646399529,184,41529,12874
649806353,185,12344,8596
653383011,186,35598,9899
656841904,187,35227,10500
660304154,188,35708,10600
663745453,189,64233,13495
666803562,190,54113,11432
670104665,191,39595,12474
673487693,192,40417,12173
676877014,193,39986,13265
680275942,194,40107,13215
683693166,195,12183,8196
687252681,196,35167,10059
690699681,197,35468,10400
694151822,198,63010,12714
697273101,199,51158,11401
700680105,200,41239,12724
704066831,201,12424,8436
707622880,202,34876,10070
711148190,203,35297,10109
714572958,204,35137,10099
718010079,205,64283,13395
721089539,206,53973,12323
724606854,207,43763,10530
728005091,208,41068,12374
731443926,209,12564,8706
735079816,210,35949,10410
738600357,211,43222,10130
742115587,212,35498,10230
745606081,213,64443,13375
748709015,214,54594,11963
752068078,215,12274,7895
755675885,216,35758,10029
759149677,217,35748,10780
762624109,218,67188,13216
765734549,219,24216,8777
769270970,220,35067,10540
772743449,221,35578,10900
776197413,222,62980,13165
779284928,223,51428,11392
782646816,224,41569,12724
786045494,225,12414,8496
789620869,226,35228,10069
793102035,227,35227,10069
796567661,228,35688,10370
800033888,229,63852,13385
803120191,230,53131,11813
806417165,231,39896,12464
809908170,232,47410,14217
813330683,233,40297,13806
816753918,234,40448,13475
820191842,235,12303,8096
823794850,236,35628,10370
827321973,237,35428,10450
830819480,238,63391,13065
833954105,239,51097,11322
837310002,240,40707,12725
840728899,241,12413,8286
844309874,242,35097,9759
847857066,243,35658,10530
851317923,244,35938,10340
854782356,245,64293,13085
857863409,246,54053,12264
861162187,247,40407,10079
864555936,248,40658,12333
867954414,249,12574,8576
871537073,250,35227,10310
875059207,251,37511,10290
878508121,252,34896,10330
881961734,253,64063,13906
885050222,254,53852,12624
888401840,255,12434,7975
892037781,256,35808,10340
895538013,257,35938,11001
899076878,258,63972,13556
902202777,259,24176,8907
905775597,260,35267,10881
909270809,261,35558,10520
912734531,262,63201,13385
915925203,263,56518,12544
919310676,264,41409,13055
922719534,265,12354,8616
926310088,266,35528,10300
929812033,267,35698,10380
933304340,268,35658,10500
936790355,269,64373,13887
939893411,270,54413,11983
943211896,271,39946,12544
946615193,272,42892,12323
950024812,273,39977,13195
953440112,274,39916,13015
956855713,275,12283,8396
960479380,276,35398,9928
963975684,277,34967,10280
967473462,278,62689,12724
970587908,279,60566,11431
973951239,280,40157,12794
977351150,281,12333,8637
980919582,282,35207,9799
984476832,283,35137,10190
987923923,284,35327,10350
991385451,285,64844,13285
994467897,286,54053,12153
997803325,287,40567,10300
1001193918,288,40848,12404
1004601714,289,12463,8296
1008167651,290,35107,10189
1011865279,291,42822,16241
1015392743,292,35678,10289
1018875972,293,63431,13586
1021981893,294,54333,11843
1025338070,295,12474,8596
1028967007,296,35207,10500
1032445758,297,35257,10821
1035936161,298,64313,13195
1039043935,299,24076,8887
1042621424,300,42471,10480
1046094374,301,35347,10761
1049551003,302,63942,13245
1052645502,303,51408,11472
1055987272,304,41259,12914
1059376943,305,12394,8586
1062940576,306,35327,9829
1066387286,307,35006,10000
1069837953,308,35578,10270
1073289582,309,63852,13516
1076363221,310,54163,12013
1079690574,311,39886,12473
1083084934,312,40817,13075
1086484484,313,40507,13375
1089887460,314,40127,12974
1093268725,315,12073,8156
1096834592,316,35578,9929
1100298184,317,35378,10169
1103764532,318,63020,13295
1106870863,319,51227,11352
1110213856,320,40216,12795
1113594409,321,12314,8546
1117322766,322,36009,10109
1120877472,323,35608,10179
1124357866,324,35588,10349
1127835405,325,64543,13335
1131047437,326,57079,12804
1134384688,327,40648,10390
1137811340,328,40778,12453
1141252830,329,12915,8536
1144856559,330,35548,10309
1148349387,331,35758,10370
1151834179,332,34967,10450
1155296489,333,64212,13596
1158453697,334,59073,13205
1161803091,335,12424,8105
1165508665,336,37170,11172
1169131050,337,37211,11522
1172755829,338,66267,14477
1176009181,339,25388,9368
1179714854,340,36941,11091
1183322711,341,40037,12884
1186933424,342,68861,13897
1190151147,343,53151,11933
1193726202,344,43102,13716
1197294854,345,12794,9709
1201051114,346,37361,10761
1204688658,347,36539,10891
1208243053,348,36750,10750
1211791516,349,66277,14167
1214944436,350,55095,12304
1218332444,351,40888,12775
1221794604,352,41780,12554
1225242186,353,41048,14177
1228690689,354,41329,14979
1232134003,355,12223,8526
1235727593,356,35657,10410
1239214349,357,35117,10239
1242714340,358,64152,13045
1245884723,359,51959,11512
1249521976,360,44736,13726
1253155292,361,12834,8707
1256868690,362,35838,9899
1260567270,363,35798,10991
1264178393,364,36280,10470
1267776422,365,70153,16041
1270931075,366,59423,13366
1274357056,367,40948,10320
1277794779,368,40898,12443
1281234375,369,12784,8627
1284846580,370,35568,10079
1288419160,371,35418,10349
1291888032,372,35318,10460
1295374879,373,63861,13436
1298470059,374,54143,12163
1301820254,375,12394,8025
1305433351,376,35178,10459
1308889139,377,35618,10439
1312361117,378,63240,13306
1315464141,379,24257,8887
1318991715,380,34807,10450
1322434077,381,34786,10350
1325874325,382,62930,13215
1328962752,383,51188,11512
1332310544,384,40918,12874
1335709603,385,12383,8587
1339261673,386,35107,9879
1342701470,387,35067,10199
1346152288,388,35457,10150
1349604749,389,63661,13876
1352675812,390,53963,11943
1355999488,391,40066,12474
1359395150,392,40417,12063
1362763481,393,40056,13276
1366144235,394,40026,13236
1369557671,395,12164,8396
1373137204,396,35478,10400
1376585517,397,35278,10269
1380060912,398,62289,12885
1383163697,399,50677,11341
1386551915,400,41109,13145
1389945214,401,12343,8296
1393518495,402,35107,10069
1397063432,403,35588,10409
1400514971,404,35387,10310
1403950529,405,64083,13075
1407014099,406,54093,12524
1410341351,407,40557,10130
1413722696,408,40478,12353
1417114602,409,12424,8446
1420679447,410,35127,10350
1424128712,411,34916,10130
1427580832,412,35077,10259
1431037721,413,63050,13496
1434114216,414,53732,12083
1437436188,415,12334,8025
1441040058,416,35237,10209
1444493641,417,35026,10480
1447942905,418,63672,13485
1451151922,419,24307,9127
1454694595,420,35528,10349
1458178205,421,35297,10621
1461655273,422,63952,13345
1464772024,423,51498,11612
1468147157,424,41099,12804
1471558570,425,12694,8546
1475156558,426,35708,10089
1478624088,427,38283,9999
1482070367,428,35297,10069
1485520824,429,63792,13385
1488599012,430,53572,12033
1491927056,431,39836,12483
1495323550,432,40517,12193
1498717028,433,40257,13426
1502121568,434,40106,13195
1505522761,435,12103,8095
1509075222,436,35788,10230
1512721693,437,39425,15369
1516205493,438,64533,12865
1519329318,439,52039,11342
1522692759,440,41148,12795
1526114581,441,12424,8316
1529703062,442,35437,9869
1533273076,443,35638,10711
1536756527,444,35668,10450
1540219939,445,64763,13246
1543307244,446,53973,12794
1546625028,447,43413,10269
1550008828,448,40607,12213
1553407436,449,12664,8616
1557037656,450,35287,9979
1560528179,451,35137,10169
1563989286,452,35117,10420
1567443741,453,63471,13826
1570517911,454,53602,11752
1573839031,455,12213,7835
1577411972,456,35127,10480
1580868590,457,35238,10670
1584336390,458,62850,13967
1587436350,459,24106,8866
1591019099,460,34837,10470
1594462192,461,35258,10309
1597911066,462,63682,13345
1601000014,463,51278,11412
1604345772,464,41298,12775
1607739761,465,12564,8927
1611313704,466,35397,10049
1614773929,467,35037,10290
1618212944,468,35608,10160
1621672649,469,63962,13506
1624755766,470,54123,12023
1628075604,471,39826,12594
1631467619,472,40297,12604
1634857962,473,39846,13095
1638237083,474,39896,13035
1641645931,475,12143,8086
1645218321,476,35548,10009
1648686311,477,35488,10290
1652159672,478,63130,13015
1655283657,479,50897,11181
1658629324,480,46689,13015
1662029375,481,12273,8296
1665609980,482,34907,9648
1669136362,483,35287,10199
1672586378,484,35788,10290
1676036895,485,64583,13336
1679116345,486,54223,12244
1682439840,487,40357,10059
1685848557,488,40708,12394
1689237667,489,12524,8947
1692806680,490,35558,10350
1696279661,491,35157,10450
1699731411,492,35217,10329
1703194071,493,64132,13766
1706270435,494,54303,12194
1709602516,495,12324,7855
1713199963,496,35388,10169
1716660790,497,34957,10460
1720149300,498,63270,13376
1723275739,499,24347,8967
1726883145,500,36320,10820
1730349052,501,35467,10641
1733809808,502,63642,13315
1736906531,503,51208,11452
1740260224,504,41228,12975
1743658571,505,12304,8446
1747228586,506,35949,9969
1750699904,507,35598,10309
1754161242,508,35507,10210
1757620095,509,64112,13335
1760688513,510,53803,11843
1763997681,511,39505,12434
1767396830,512,40107,12223
1770907662,513,42001,13886
1774317282,514,40347,13245
1777754734,515,12283,8567
1781359515,516,36129,10229
1784870117,517,35718,10460
1788380648,518,63832,12734
1791532105,519,51318,11312
1794898512,520,41088,12785
1798321747,521,12554,8496
1801910188,522,35488,10039
1805459263,523,35538,10460
1808919659,524,35588,10300
1812378131,525,63521,13877
1815463122,526,53882,12194
1818790674,527,40628,10179
1822180205,528,41019,12303
1825581348,529,12434,8887
1829150973,530,34966,10210
1832599766,531,34817,10129
1836042168,532,35097,10290
1839504377,533,64403,14057
1842582475,534,56688,11953
1845918103,535,12273,7945
1849523205,536,35217,10269
1852989923,537,35368,10500
1856458154,538,62950,13306
1859550278,539,24607,8797
1863081960,540,35317,10390
1866576551,541,35598,10500
1870078506,542,64183,13335
1873215716,543,51909,11653
1876596761,544,40978,13025
1880007152,545,12333,8557
1883601363,546,35808,10169
1887089381,547,35408,10279
1890537203,548,35718,10080
1894001407,549,63841,13486
1897077750,550,53462,11993
1900400083,551,40417,12504
1903794053,552,40507,12273
1907184977,553,40146,13396
1910581351,554,40227,16060
1913972345,555,12143,8115
1917544824,556,35658,10310
1921006402,557,35338,10149
1924476968,558,64583,12904
1927611422,559,51418,11332
1930978971,560,40568,12724
1934398560,561,12734,8326
1937988923,562,35458,10049
1941552806,563,35688,10470
1945031167,564,35507,10540
1948490230,565,64503,13185
1951556395,566,54163,12474
1954885039,567,40518,10249
1958275532,568,40377,12424
1961683238,569,12534,8897
1965266469,570,35397,10330
1968730842,571,35137,10189
1972176690,572,35378,10450
1975634852,573,63701,13787
1978714392,574,54925,12143
1982045602,575,12123,7945
1985691892,576,35097,10209
1989187776,577,35527,10450
1992645316,578,63110,13386
1995749293,579,24026,9147
1999283279,580,35167,10670
2002753233,581,35237,10861
2006212918,582,63310,13206
2009448866,583,51718,11482
2012994244,584,60415,18235
2016457726,585,13095,9569
2020088988,586,36920,10350
2023627162,587,35889,10339
2027139397,588,36490,10369
2030667622,589,64774,14077
2033799192,590,54503,11953
2037157012,591,40728,12814
2040594945,592,41028,12304
2044041114,593,40527,13486
2047469579,594,40627,13065
2050900419,595,12173,8175
2054491804,596,35558,9989
2057960065,597,35067,10109
2061424749,598,63010,13005
2064546480,599,50867,11432
2067935370,600,40948,12885
2071330161,601,12364,8416
2074885558,602,35207,9809
2078406189,603,35247,10220
2081860052,604,35508,10510
2085308967,605,63961,13146
2088512553,606,56458,13155
2091842200,607,40938,10119
2095243984,608,40788,12504
2098665015,609,12474,8526
2102262562,610,35388,10109
2105753276,611,35518,10500
2109235975,612,35527,10340
2112706830,613,63952,13907
2115785619,614,54103,12143
2119107101,615,12273,7945
2122711371,616,35638,10320
2126173791,617,35237,10440
2129643865,618,63021,13315
2132748654,619,24035,8807
2136296366,620,35468,10429
2139749588,621,34997,10650
2143190216,622,63241,13315
2146269817,623,50486,11432
18446744071564205364,624,41249,12674
18446744071567594475,625,12483,8507
18446744071571166603,626,35408,10009
18446744071574737049,627,35508,10149
18446744071578234416,628,36900,10770
18446744071581842874,629,67278,14478
18446744071585056851,630,56407,12614
18446744071588537335,631,42752,13736
18446744071592070420,632,44214,13365
18446744071595606129,633,42962,14027
18446744071599140085,634,42321,13816
18446744071602682728,635,12794,8897
18446744071606407288,636,39064,11061
18446744071610077724,637,36640,11031
18446744071613786483,638,72048,15880
18446744071617020117,639,52460,11953
18446744071620461477,640,42330,13506
18446744071623960967,641,13095,9208
18446744071627603881,642,35848,10400
18446744071631209103,643,36440,11382
18446744071634726609,644,36018,10781
18446744071638220809,645,65805,13366
18446744071641341708,646,54904,12705
18446744071644683357,647,41600,11031
18446744071648100842,648,41218,12394
18446744071651549255,649,12574,8596
18446744071655195264,650,35668,11863
18446744071658785468,651,36409,10400
18446744071662453079,652,38413,11241
18446744071666127783,653,70755,15129
18446744071669303436,654,54925,12564
18446744071672785373,655,12424,8096
18446744071676533388,656,36209,10289
18446744071680143530,657,35948,10781
18446744071683753802,658,64202,14397
18446744071686987936,659,24607,9117
18446744071690581566,660,35408,10760
18446744071694093991,661,35829,11572
18446744071697599974,662,64473,13646
18446744071700723468,663,51228,11461
18446744071704101096,664,41690,12834
18446744071707516196,665,12353,8637
18446744071711074639,666,35197,9899
18446744071714547769,667,35157,10289
18446744071717993837,668,35548,10350
18446744071721443663,669,63411,13396
18446744071724496673,670,53622,12123
18446744071727804167,671,39686,12634
18446744071731186685,672,40117,12213
18446744071734584993,673,40177,13535
18446744071737984463,674,40016,13265
18446744071741395184,675,12123,8126
18446744071744961312,676,35197,9949
18446744071748402501,677,34816,10460
18446744071751871173,678,62950,12814
18446744071754988074,679,50767,11351
18446744071758331527,680,40627,12795
18446744071761733091,681,12373,8437
18446744071765305440,682,35247,9789
18446744071768850918,683,35298,10149
18446744071772298831,684,35798,10289
18446744071775782210,685,63812,13295
18446744071778852263,686,53552,12433
18446744071782174606,687,40377,10169
18446744071785564948,688,41239,12343
18446744071788966362,689,12433,8467
18446744071792551285,690,35498,10129
18446744071796022933,691,35086,10019
18446744071799487526,692,34887,10139
18446744071802932593,693,63531,13937
18446744071805999689,694,53983,12113
18446744071809314408,695,12263,8066
18446744071812907707,696,35127,10490
18446744071816370578,697,35397,10490
18446744071819844930,698,63040,13396
18446744071823064658,699,24626,9919
18446744071826688105,700,36138,11112
18446744071830175603,701,35658,10890
18446744071833658221,702,63441,13365
18446744071836774561,703,51538,11512
18446744071840149144,704,41579,13105
18446744071843561348,705,12393,8667
18446744071847145710,706,35808,9969
18446744071850619592,707,35217,10359
18446744071854074016,708,35758,10230
18446744071857533400,709,63902,13145
18446744071860603893,710,53472,11842
18446744071863929161,711,40247,12494
18446744071867327499,712,40918,12213
18446744071870722290,713,40066,13396
18446744071874124585,714,40958,13095
18446744071877532852,715,12204,8105
18446744071881100323,716,35157,9868
18446744071884562632,717,34987,10079
18446744071888013440,718,62790,13074
18446744071891126083,719,50797,11321
18446744071894477040,720,40768,12654
18446744071897866341,721,12584,8346
18446744071901446956,722,34876,9779
18446744071904991953,723,35197,10129
18446744071908459252,724,35568,10430
18446744071911903087,725,64563,13185
18446744071914983298,726,53752,12474
18446744071918300902,727,40036,10059
18446744071921676867,728,40267,12253
18446744071925077760,729,12444,8396
18446744071928845652,730,40577,13837
18446744071932340464,731,35898,10270
18446744071935830606,732,35438,10239
18446744071939339064,733,63791,13817
18446744071942440946,734,54504,11893
18446744071945792555,735,12354,7935
18446744071949419919,736,35318,10720
18446744071952910002,737,35578,11141
18446744071956393832,738,62930,13246
18446744071959510002,739,24176,8977
18446744071963057154,740,35317,10370
18446744071966519804,741,35427,10550
18446744071969978918,742,64072,13065
18446744071973078847,743,50977,11452
18446744071976428001,744,40868,12794
18446744071979830346,745,12574,8516
18446744071983405361,746,35417,9999
18446744071986867670,747,34987,9939
18446744071990308369,748,35718,10289
18446744071993775848,749,64012,13225
18446744071996852322,750,53803,11752
18446744072000182530,751,39676,12504
18446744072003601968,752,44755,13506
18446744072007127348,753,41108,13286
18446744072010671183,754,45897,14718
18446744072014259693,755,12253,8587
18446744072017883200,756,35528,10129
18446744072021397289,757,35528,10400
18446744072024906398,758,63591,13065
18446744072028075539,759,51848,11372
18446744072031460601,760,40698,12754
18446744072034880299,761,12494,8597
18446744072038519877,762,38894,11752
18446744072042205362,763,35588,10510
18446744072045672421,764,35597,10410
18446744072049135061,765,64413,13115
18446744072052231573,766,54494,12524
18446744072055571810,767,41148,10561
18446744072058985968,768,40647,12294
18446744072062391459,769,12514,8636
18446744072065969319,770,35317,10080
18446744072069441217,771,35237,10169
18446744072072903136,772,34977,10550
18446744072076367540,773,63882,13926
18446744072079436961,774,53712,12153
18446744072082747621,775,12294,7775
18446744072086363694,776,35468,10430
18446744072089833288,777,35187,10900
18446744072093308452,778,62769,13466
18446744072096407198,779,24247,8997
18446744072099993805,780,35317,10370
18446744072103511019,781,35347,10861
18446744072107020809,782,63501,13286
18446744072110116360,783,50847,11381
18446744072113460264,784,41318,12855
18446744072116825198,785,12413,8507
18446744072120391636,786,35528,9969
18446744072123854918,787,35357,10781
18446744072127320865,788,35978,10240
18446744072130780729,789,64403,13195
18446744072133853366,790,53502,11542
18446744072137170970,791,39926,18706
18446744072140571342,792,39956,12363
18446744072144083085,793,42512,13615
18446744072147484008,794,41179,13175
18446744072150915008,795,12334,8095
18446744072154606775,796,38503,11162
18446744072158143567,797,35367,10129
18446744072161638649,798,63400,12995
18446744072164784094,799,51058,11441
18446744072168196489,800,41269,12824
18446744072171613393,801,12543,8386
18446744072175210259,802,35507,10190
18446744072178772128,803,35177,10270
18446744072182236131,804,36039,10229
18446744072185727506,805,70114,14577
18446744072188849797,806,53613,12353
18446744072192245911,807,43713,10660
18446744072195793864,808,42451,12834
18446744072199335174,809,13045,8907
18446744072203075834,810,36740,10490
18446744072206674604,811,36900,11091
18446744072210262613,812,36710,10680
18446744072213851394,813,65765,14748
18446744072217038720,814,55977,12543
18446744072220472124,815,12755,8125
18446744072224186585,816,36129,10540
18446744072227752432,817,36138,10801
18446744072231311766,818,64794,13706
18446744072234481298,819,24587,9057
18446744072238139150,820,35959,10620
18446744072241661995,821,35458,10730
18446744072245164451,822,66828,13866
18446744072248294568,823,51398,11542
18446744072251665874,824,41779,13095
18446744072255075753,825,12534,8767
18446744072258653112,826,35408,9999
18446744072262112486,827,35157,10170
18446744072265572031,828,35999,10260
18446744072269005676,829,62620,13165
18446744072272057433,830,53412,11833
18446744072275354588,831,39706,12494
18446744072278729521,832,40087,12113
18446744072282105366,833,39866,13045
18446744072285491300,834,40257,13015
18446744072288870281,835,11963,8165
18446744072292429145,836,36720,10429
18446744072295896824,837,35308,10349
18446744072299365636,838,62920,12715
18446744072302492807,839,50877,11292
18446744072305843795,840,40146,12965
18446744072309238796,841,12373,8336
18446744072312806076,842,35348,9788
18446744072316448028,843,35588,10480
18446744072319910869,844,35838,10340
18446744072323388909,845,64483,13415
18446744072326479420,846,54383,12394
18446744072329826329,847,40918,10370
18446744072333244194,848,40307,12524
18446744072336642411,849,12284,8446
18446744072340269155,850,35187,10019
18446744072343756722,851,35207,10330
18446744072347214854,852,35287,10350
18446744072350666563,853,63952,13797
18446744072353750892,854,53913,11933
18446744072357082132,855,12123,7795
18446744072360662958,856,35117,10190
18446744072364109378,857,35488,10950
18446744072367584522,858,63010,13736
18446744072370676305,859,24246,8817
18446744072374207787,860,35387,10590
18446744072377675126,861,35327,11041
18446744072381134770,862,63071,13355
18446744072384222386,863,51648,11412
18446744072387561330,864,41069,12654
18446744072390959267,865,12264,8556
18446744072394534302,866,35437,10190
18446744072398003965,867,35458,10350
18446744072401457849,868,35688,10269
18446744072404912935,869,64012,13485
18446744072407989129,870,54283,12053
18446744072411315580,871,40076,12624
18446744072414716212,872,40287,12043
18446744072418094341,873,39635,13326
18446744072421490595,874,40186,13015
18446744072424898541,875,12163,8205
18446744072428686892,876,41870,15048
18446744072432166745,877,35788,10199
18446744072435654503,878,63741,12885
18446744072438817191,879,52160,11622
18446744072442209898,880,40948,12845
18446744072445636410,881,12544,8366
18446744072449233316,882,36299,9929
18446744072452799564,883,35477,10480
18446744072456281651,884,35548,10289
18446744072459736877,885,65075,13365
18446744072462929634,886,56117,12984
18446744072466266394,887,40738,10269
18446744072469680993,888,40968,12534
18446744072473121961,889,12655,8516
18446744072476742783,890,35678,10210
18446744072480229950,891,35889,10129
18446744072483711326,892,35297,10410
18446744072487190758,893,63662,13886
18446744072490267623,894,54204,11902
18446744072493601057,895,12183,7936
18446744072497197903,896,41980,10701
18446744072500666224,897,35388,10640
18446744072504139164,898,62780,13586
18446744072507247630,899,24156,8797
18446744072510846320,900,35487,10921
18446744072514294983,901,35167,10530
18446744072517731414,902,63130,13325
18446744072520814721,903,51678,11362
18446744072524163093,904,40888,12895
18446744072527559257,905,12393,8877
18446744072531263447,906,36410,10570
18446744072534731959,907,34997,10009
18446744072538217583,908,35387,10410
18446744072541706874,909,64503,13786
18446744072544798006,910,54073,12233
18446744072548140227,911,40206,12514
18446744072551550146,912,41540,12574
18446744072554953664,913,39936,13146
18446744072558351912,914,40137,13235
18446744072561764938,915,12163,8276
18446744072565389507,916,35598,10129
18446744072568885561,917,35207,10320
18446744072572431039,918,68440,14518
18446744072575603025,919,51248,11181
18446744072579010360,920,42641,13316
18446744072582539317,921,13044,8697
18446744072586254809,922,37101,10249
18446744072589941496,923,36590,10650
18446744072593539134,924,36780,11592
18446744072597123145,925,66908,13876
18446744072600299169,926,56728,13205
18446744072603725020,927,42441,10730
18446744072607332226,928,42270,12775
18446744072610813041,929,12744,8947
18446744072614595220,930,37131,11412
18446744072618159254,931,36048,10881
18446744072621706886,932,35938,10961
18446744072625237065,933,64553,14558
18446744072628373613,934,54524,12614
18446744072631745421,935,12383,8336
18446744072635441896,936,35709,10530
18446744072638976724,937,35568,10891
18446744072642474341,938,64253,13686
18446744072645585462,939,24075,8837
18446744072649117445,940,35147,10780
18446744072652586697,941,35348,10670
18446744072656086218,942,65525,14978
18446744072659291458,943,53602,11892
18446744072662785578,944,45467,13876
18446744072666442288,945,13716,9498
18446744072670246890,946,36820,10520
18446744072673876579,947,38313,10981
18446744072677491519,948,39455,11573
18446744072681109586,949,66326,14438
18446744072684333150,950,55416,11943
18446744072687806060,951,41660,12874
18446744072691289480,952,41009,12353
18446744072694824128,953,40588,13565
18446744072698368204,954,40978,13195
18446744072701859088,955,13455,8727
18446744072705531708,956,38764,11192
18446744072709096423,957,35568,10310
18446744072712609399,958,64193,12984
18446744072715848353,959,51949,11362
18446744072719322666,960,41168,13045
18446744072722747864,961,12374,8406
18446744072726342847,962,35417,9859
18446744072729908203,963,35568,10570
18446744072733384469,964,35608,10350
18446744072736834636,965,64273,13205
18446744072739912493,966,53713,12594
18446744072743242150,967,40347,10189
18446744072746630138,968,40657,12264
18446744072750011603,969,12675,8506
18446744072753573453,970,34976,9899
18446744072757015834,971,35127,10090
18446744072760452836,972,34906,10160
18446744072763901169,973,63491,13375
18446744072766978444,974,54254,11802
18446744072770306658,975,12354,8055
18446744072773902873,976,35037,10210
18446744072777352248,977,34967,10660
18446744072780872669,978,70855,14929
18446744072784025830,979,24206,8877
18446744072787590545,980,35988,10701
18446744072791140431,981,36329,10731
18446744072794682312,982,65135,13465
18446744072797836785,983,52330,11612
18446744072801249871,984,41589,13246
18446744072804700939,985,12614,8687
18446744072808319366,986,35678,9879
18446744072811824828,987,35889,10229
18446744072815317105,988,36079,10289
18446744072818789824,989,64283,13426
18446744072821876989,990,53622,11763
18446744072825192960,991,46568,12504
18446744072828595306,992,40757,12103
18446744072831993112,993,40067,13365
18446744072835399956,994,40658,12985
18446744072838802352,995,12063,8546
18446744072842353180,996,35177,9939
18446744072845799860,997,35107,10149
18446744072849268612,998,63010,13145
18446744072852379000,999,50948,11271
18446744072855773341,1000,41178,12754
18446744072859166248,1001,12363,8426
18446744072862729931,1002,35097,9898
18446744072866251002,1003,35217,10200
18446744072869706910,1004,35708,10109
18446744072873157698,1005,70034,13215
18446744072876242819,1006,54383,12394
18446744072879566494,1007,40177,10079
18446744072882952699,1008,40737,12354
18446744072886358651,1009,12564,8837
18446744072889939096,1010,35097,10580
18446744072893390655,1011,35327,10220
18446744072896841472,1012,34987,10460
18446744072900297370,1013,63411,13666
18446744072903381889,1014,54164,11962
18446744072906713370,1015,12253,8015
18446744072910308793,1016,34997,10209
18446744072913768618,1017,34997,10379
18446744072917238072,1018,63611,13636
18446744072920336768,1019,24106,8867
18446744072923878028,1020,34957,10650
18446744072927362540,1021,41219,13415
18446744072930965869,1022,74532,13956
18446744072934095564,1023,51328,11562
18446744072937519411,1024,42230,13015
18446744072940996599,1025,12804,8887
18446744072944653669,1026,36049,10099
18446744072948188718,1027,35798,10600
18446744072951711863,1028,36390,10329
18446744072955216243,1029,64864,13736
18446744072958330850,1030,54304,12033
18446744072961700133,1031,40397,12564
18446744072965128137,1032,40247,12193
18446744072968543818,1033,40227,13375
18446744072971966211,1034,40377,13125
18446744072975374769,1035,12183,8035
18446744072978993286,1036,35197,10210
18446744072982460455,1037,35217,10250
18446744072985926522,1038,62739,12865
18446744072989040628,1039,51007,11191
18446744072992390242,1040,40037,12624
18446744072995768321,1041,12244,8386
18446744072999335270,1042,35087,9879
18446744073002882011,1043,35377,10561
18446744073006332218,1044,35507,10450
18446744073009787715,1045,64813,13296
18446744073012866363,1046,53913,12263
18446744073016200739,1047,40617,10130
18446744073019592704,1048,40658,12083
18446744073022973038,1049,12524,8416
18446744073026560426,1050,35147,10099
18446744073030033286,1051,35287,10891
18446744073033483682,1052,35408,10750
18446744073036945100,1053,63902,13506
18446744073040023138,1054,54664,11953
18446744073043357824,1055,12303,7855
18446744073046951494,1056,35067,10209
18446744073050418803,1057,35037,10570
18446744073053890692,1058,62870,13465
18446744073056991642,1059,24407,8807
18446744073060538794,1060,35387,10360
18446744073064006153,1061,35277,10490
18446744073067466669,1062,63090,13396
18446744073070564153,1063,51368,11472
18446744073073910582,1064,41259,12734
18446744073077300965,1065,12524,8576
18446744073080872502,1066,35208,10449
18446744073084350722,1067,35187,10370
18446744073087809195,1068,35567,10130
18446744073091267296,1069,64483,13656
18446744073094338521,1070,53141,11933
18446744073097643190,1071,39836,12354
18446744073101165053,1072,42481,20630
18446744073104566637,1073,40257,13135
18446744073107985745,1074,40797,13015
18446744073111416344,1075,12273,8126
18446744073115014653,1076,35487,10320
18446744073118493694,1077,35357,10290
18446744073121983646,1078,63511,12695
18446744073125118973,1079,50756,11302
18446744073128479268,1080,40497,12674
18446744073131871394,1081,12333,8406
18446744073135449183,1082,35127,9859
18446744073138997577,1083,35538,10350
18446744073142459076,1084,35367,10280
18446744073145918590,1085,64233,13045
18446744073148988111,1086,53733,12253
18446744073152320523,1087,41068,10160
18446744073155719542,1088,40217,12243
18446744073159116347,1089,12313,8547
18446744073162726158,1090,34846,10089
18446744073166201392,1091,35217,10490
18446744073169661417,1092,35207,10290
18446744073173113347,1093,63751,13737
18446744073176192576,1094,54184,11862
18446744073179522434,1095,12193,8115
18446744073183131302,1096,35448,10210
18446744073186593612,1097,35167,10500
18446744073190066032,1098,63080,13476
18446744073193164047,1099,24036,8877
18446744073196804907,1100,35868,10500
18446744073200275943,1101,35227,10430
18446744073203762639,1102,63842,13426
18446744073206879851,1103,51348,11682
18446744073210241318,1104,41099,12754
18446744073213634797,1105,12293,8817
18446744073217207717,1106,38063,9989
18446744073220680437,1107,35347,10119
18446744073224139149,1108,35478,10220
18446744073227599105,1109,63821,14107
18446744073230668325,1110,53492,11572
18446744073233991691,1111,39936,12453
18446744073237401640,1112,40127,12283
18446744073240793546,1113,39816,12964
18446744073244174741,1114,40136,12965
18446744073247588077,1115,12303,8056
18446744073251170756,1116,35778,10250
18446744073254633036,1117,34986,10130
18446744073258100014,1118,62890,12714
18446744073261223007,1119,51548,11672
18446744073264564887,1120,40437,12544
18446744073267958967,1121,12694,8336
18446744073271527519,1122,35086,9849
18446744073275074781,1123,35377,10670
18446744073278530759,1124,35487,10500
18446744073281971828,1125,64723,13616
18446744073285050235,1126,54053,12304
18446744073288383649,1127,40468,10149
18446744073291772639,1128,40748,12474
18446744073295173512,1129,12594,8386
18446744073298780557,1130,35308,10429
18446744073302256813,1131,35318,10329
18446744073305718041,1132,35247,10390
18446744073309175091,1133,66416,13326
18446744073312254570,1134,53763,12223
18446744073315577524,1135,12204,7995
18446744073319174962,1136,35177,10189
18446744073322630168,1137,35107,10540
18446744073326100002,1138,62990,13847
18446744073329214108,1139,30128,8877
18446744073332776709,1140,35267,10440
18446744073336256091,1141,35207,10741
18446744073339708652,1142,63501,13476
18446744073342805415,1143,51628,11402
18446744073346154038,1144,41098,12875
18446744073349545793,1145,12354,8576
18446744073353112351,1146,35037,9859
18446744073356587946,1147,35578,10360
18446744073360049515,1148,35657,10440
18446744073363511403,1149,64002,13346
18446744073366584732,1150,53612,11843
18446744073369885634,1151,39766,12324
18446744073373286276,1152,40588,12183
18446744073376678302,1153,39686,13195
18446744073380076409,1154,41008,13095
18446744073383484826,1155,12223,8326
18446744073387104456,1156,35617,10070
18446744073390619526,1157,35107,10119
18446744073394086384,1158,62499,13055
18446744073397183928,1159,53502,11202
18446744073400520348,1160,40126,13035
18446744073403925018,1161,12604,8376
18446744073407504511,1162,35217,9818
18446744073411046643,1163,35688,10269
18446744073414510426,1164,35547,10240
18446744073417970120,1165,64413,13406
18446744073421165731,1166,58722,13707
18446744073424495148,1167,40687,10090
18446744073427924775,1168,51077,14999
18446744073431536600,1169,16742,9618
18446744073435158714,1170,36349,10160
18446744073438684054,1171,35718,10199
18446744073442171060,1172,35288,10399
18446744073445654350,1173,64142,13716
18446744073448743318,1174,54053,12353
18446744073452109234,1175,12323,8006
18446744073455721500,1176,35227,10320
18446744073459190883,1177,35067,10750
18446744073462673431,1178,63261,13215
18446744073465782468,1179,24346,8937
18446744073469328887,1180,35538,10771
18446744073472798721,1181,35248,10680
18446744073476271862,1182,63390,13236
18446744073479359928,1183,51348,11512
18446744073482703712,1184,40717,12724
18446744073486084877,1185,12493,8647
18446744073489655142,1186,35337,9949
18446744073493115588,1187,35267,10129
18446744073496583598,1188,35278,10460
18446744073500050918,1189,63571,13195
18446744073503133554,1190,53612,11623
18446744073506468882,1191,39956,12464
18446744073509876457,1192,40447,12254
18446744073513274855,1193,40267,13075
18446744073516686237,1194,40137,13045
18446744073520106357,1195,12263,8226
18446744073523687132,1196,35408,10169
18446744073527155633,1197,34997,10270
18446744073530619025,1198,62910,13095
18446744073533748450,1199,51168,11261
18446744073537151938,1200,41208,12935
18446744073540556577,1201,12324,8296
18446744073544131212,1202,34846,9859
18446744073547681790,1203,35257,10169
18446744073551143638,1204,35689,10299
18446744073554590499,1205,63891,13266
18446744073557655301,1206,53371,12264
18446744073560981561,1207,40527,10109
18446744073564382443,1208,41349,12584
18446744073567787203,1209,12664,8366
18446744073571375533,1210,35137,10470
18446744073574942783,1211,35547,10541
18446744073578442163,1212,36640,10840
18446744073582052875,1213,66527,14127
18446744073585286459,1214,57259,12885
18446744073588773806,1215,12604,8747
18446744073592542821,1216,37231,11693
18446744073596158543,1217,36660,11552
18446744073599774756,1218,65826,14277
18446744073602988602,1219,25329,9317
18446744073606730034,1220,38824,12213
18446744073610396032,1221,38704,11492
18446744073614098700,1222,68029,15039
18446744073617313998,1223,57821,13535
18446744073620879815,1224,43964,13296
18446744073624458467,1225,13686,10299
18446744073628370924,1226,37772,11312
18446744073632018818,1227,36630,10610
18446744073635708341,1228,36760,10731
18446744073639342589,1229,65925,14007
18446744073642603434,1230,59023,13385
18446744073646080332,1231,40958,12784
18446744073649599199,1232,44575,13626
18446744073653131081,1233,42121,13636
18446744073656619240,1234,40878,13496
18446744073660100526,1235,12373,8386
18446744073663762246,1236,35808,10139
18446744073667435046,1237,35769,10620
18446744073671220683,1238,65755,13255
18446744073674482791,1239,52721,11562
18446744073677973695,1240,44405,14067
18446744073681464980,1241,13836,9358
18446744073685166596,1242,35898,9939
18446744073688857531,1243,36069,10660
18446744073692443837,1244,36079,10470
18446744073695948688,1245,65214,13396
18446744073699062062,1246,54695,12473
18446744073702491219,1247,41469,10390
18446744073705908052,1248,40797,12394
18446744073709325606,1249,12734,8436
3371708,1250,35447,10170
6863855,1251,36039,10139
10339931,1252,35137,10430
13786190,1253,63912,13876
16864728,1254,53843,11792
20195898,1255,12193,7915
23792072,1256,35628,10340
27248020,1257,35277,10711
30835588,1258,65896,13916
33940737,1259,24146,8837
37514409,1260,35648,10670
41021263,1261,35869,10810
44513480,1262,64112,13426
47647374,1263,58241,11643
51039120,1264,40948,12734
54448258,1265,13215,8737
58043431,1266,35868,10029
61527111,1267,35508,10530
64985223,1268,35998,10210
68445338,1269,63812,13105
71517354,1270,53772,11873
74846229,1271,39846,12514
78247803,1272,40858,12353
81644187,1273,40076,13295
85044658,1274,40367,13216
88455240,1275,12183,8085
92082574,1276,35358,10269
95554112,1277,35087,10299
99042751,1278,63532,12824
102183308,1279,51448,11261
105555556,1280,40828,13185
108946159,1281,12614,8736
112521955,1282,35337,9758
116098863,1283,35527,10370
119576982,1284,35769,10339
123043570,1285,64954,13395
126134572,1286,53813,12513
129465221,1287,40237,10149
132854372,1288,41038,12423
136254112,1289,12734,8416
139835889,1290,35207,10009
143371018,1291,35487,10350
146897480,1292,35357,10350
150365700,1293,63692,13185
153448988,1294,54403,12163
156782542,1295,12183,8005
160373316,1296,35348,10239
163837018,1297,35488,10761
167325658,1298,63351,13506
170450615,1299,24216,9037
174055076,1300,36379,10560
177516815,1301,35547,10480
180974245,1302,63461,13395
184073953,1303,51358,11532
187419681,1304,41118,12905
190836153,1305,12664,8787
194439542,1306,35567,10360
197932590,1307,35487,10390
201415489,1308,36008,10290
204880243,1309,63972,13275
207951247,1310,53692,11933
211270794,1311,39846,12474
214667259,1312,40667,12314
218059325,1313,39776,13305
221667562,1314,56498,15840
225119372,1315,12454,8516
228719494,1316,36069,10039
232191953,1317,35518,10560
235671997,1318,63571,12945
238795961,1319,51148,11352
242166706,1320,40077,12754
245568902,1321,12734,8576
249146501,1322,35167,9769
252691548,1323,35438,10339
256165280,1324,35928,10470
259642589,1325,67679,13255
262729623,1326,54283,12424
266079548,1327,40748,10139
269473197,1328,40197,12544
272857728,1329,12364,8486
276445387,1330,35127,10179
279914399,1331,35207,10350
283370888,1332,35077,10259
286842064,1333,64032,13536
289943626,1334,54414,12323
293300675,1335,12213,7956
297011148,1336,35768,10510
300535967,1337,38875,12063
304178581,1338,71606,15620
307353773,1339,25068,9027
310966579,1340,35979,10610
314495145,1341,35969,10650
318001349,1342,64062,13335
321134711,1343,52400,11552
324520645,1344,41389,12865
327939432,1345,12434,8646
331657559,1346,42812,10550
335153984,1347,35347,10671
338637494,1348,35618,10410
342117918,1349,63962,13566
345214311,1350,54504,12213
348562563,1351,40026,12514
352087091,1352,42511,12544
355510316,1353,40588,13335
358935776,1354,40567,13045
362357308,1355,12333,8146
365958111,1356,35478,10330
369420060,1357,35157,10450
372885967,1358,62629,12804
375997558,1359,50847,11301
379360999,1360,40547,12795
382781860,1361,12464,8526
386366633,1362,35147,9889
389904407,1363,35537,10420
393365193,1364,35628,10320
396823505,1365,64413,13255
399894679,1366,53633,12584
403233784,1367,40678,10229
406647641,1368,40848,12564
410069344,1369,12784,8516
413672822,1370,35238,10530
417169497,1371,35127,11072
420620786,1372,35227,10350
424077956,1373,63251,13415
427172986,1374,54724,12154
430662458,1375,12253,8065
434282328,1376,35317,10590
437761068,1377,35578,10701
441255369,1378,63381,13987
444380336,1379,24426,8957
447944069,1380,35788,10400
451413281,1381,35308,10750
454891111,1382,63981,13466
457984467,1383,51548,11422
461328822,1384,40817,12935
464748230,1385,12463,8667
468331260,1386,35598,10099
471816213,1387,35187,10049
475268523,1388,35809,10600
478726124,1389,64403,13165
481802558,1390,53622,11863
485128157,1391,39826,12474
488531234,1392,40928,12253
491934781,1393,40217,13175
495315515,1394,40207,13125
498710457,1395,12153,8195
502275602,1396,35288,10229
505740827,1397,35188,10159
509210281,1398,63641,12815
512319117,1399,51368,11312
515706735,1400,40397,12694
519102527,1401,12324,8226
522664617,1402,34847,9668
526207490,1403,35298,10229
529660592,1404,35238,10429
533122742,1405,64322,13386
536195248,1406,53983,12324
539520817,1407,40377,10210
542914256,1408,40647,12444
546316010,1409,12453,8437
549899280,1410,35298,10299
553373543,1411,35217,10590
556840472,1412,35147,10530
560280258,1413,63271,13786
563348106,1414,54654,12093
566681800,1415,12254,8005
570281121,1416,35207,10190
573739904,1417,35137,10530
577206281,1418,63010,13336
580298425,1419,24307,8867
583831810,1420,35328,10289
587292818,1421,35347,10781
590753966,1422,64042,13505
593852322,1423,51438,11391
597188531,1424,41168,12675
600556781,1425,12444,8446
604122177,1426,35328,10039
607575099,1427,35367,10050
611034523,1428,35508,10229
614492965,1429,64343,13135
617568347,1430,53522,12023
620978498,1431,40166,12554
624382456,1432,40617,12144
627799900,1433,40227,13225
631219659,1434,40697,13125
634651020,1435,12333,8276
638241925,1436,35467,10130
641726076,1437,35237,10370
645205228,1438,63110,13866
648347217,1439,51378,11381
651704847,1440,40647,12514
655098716,1441,12374,8355
658678449,1442,35338,10039
662221343,1443,35377,10380
665685726,1444,35708,10280
669181289,1445,70374,15189
672322146,1446,55807,12644
675644069,1447,46579,10159
679059329,1448,41168,12234
682484938,1449,12464,8787
686088517,1450,35458,10209
689585563,1451,35618,10199
693070756,1452,35288,10460
696541622,1453,63692,14077
699620751,1454,56288,12113
702941942,1455,12133,7925
706543036,1456,35318,10149
710012980,1457,35298,10500
713472725,1458,62730,13215
716569648,1459,24237,8816
720248992,1460,40828,15540
723791154,1461,35949,10309
727240940,1462,63491,13095
730357460,1463,51338,11512
733731923,1464,41328,12895
737151431,1465,12503,8517
740773635,1466,35568,9989
744246845,1467,35408,10209
747696080,1468,35598,10239
751151607,1469,63521,13315
754227169,1470,53692,11963
757555103,1471,39976,12474
760950405,1472,40958,12354
764349945,1473,40087,13185
767744536,1474,39926,13255
771127274,1475,12193,8135
774706887,1476,35748,10340
778176380,1477,35267,10771
781638179,1478,62539,13085
784757224,1479,50757,11241
788095928,1480,40357,12985
791494847,1481,12484,8456
795068439,1482,35237,9959
798612204,1483,35427,10139
802070927,1484,36099,10379
805528397,1485,63952,13316
808612787,1486,53842,12494
811944077,1487,40487,10279
815335491,1488,40517,12173
818735943,1489,12333,8557
822424514,1490,36098,11152
825946257,1491,35507,10079
829446739,1492,35728,10450
832954565,1493,64994,13977
836072969,1494,54675,12253
839424738,1495,12464,8025
843040321,1496,35447,10550
846523931,1497,35468,10800
850017931,1498,62860,13295
853120335,1499,24065,8928
856712371,1500,36109,10601
860170152,1501,35378,10640
863740618,1502,63361,13676
866836830,1503,51498,11502
870291725,1504,44205,13556
873836232,1505,13425,9488
877576100,1506,37111,10751
881200489,1507,36680,11001
884795752,1508,37131,11011
888396857,1509,67228,14087
891591256,1510,56037,12233
895038196,1511,41960,13296
898626236,1512,42981,13246
902142528,1513,41860,13566
905715949,1514,44365,13776
909225599,1515,12554,8627
912886988,1516,36430,10550
916434631,1517,36008,10661
919983044,1518,65105,13074
923162335,1519,51478,11372
926554862,1520,41459,13175
929994799,1521,12664,8466
933604159,1522,35958,9929
937179784,1523,35698,10791
940657002,1524,35478,10550
944127357,1525,65154,13626
947242465,1526,54985,12464
950677122,1527,42341,10680
954264911,1528,44965,13336
957986404,1529,13596,9268
961819181,1530,36579,10320
965503514,1531,40307,10389
969159713,1532,38453,11853
972804410,1533,69964,14537
976018096,1534,59223,13325
979504982,1535,12524,8026
983172804,1536,35698,10911
986751946,1537,35628,11041
990409869,1538,66586,13757
993620248,1539,24557,8937
997255617,1540,35518,10540
1000749718,1541,35758,10710
1004249139,1542,64693,13486
1007370939,1543,51258,11472
1010733469,1544,41349,13094
1014142747,1545,12334,8556
1017713243,1546,35067,9919
1021175122,1547,35337,10150
1024640467,1548,35438,10410
1028080084,1549,63681,13626
1031132883,1550,53371,11633
1034439706,1551,39756,12353
1037815791,1552,40197,12283
1041208599,1553,40046,13175
1044608560,1554,40076,13306
1048015584,1555,12233,8106
1051592272,1556,35237,10079
1055056204,1557,35097,10039
1058527892,1558,62779,13396
1061650304,1559,51708,11292
1064986693,1560,40417,12815
1068370433,1561,12414,8295
1071942031,1562,35017,9878
1075483812,1563,35337,10370
1078938418,1564,35658,10429
1082382483,1565,64402,13296
1085438989,1566,53852,12314
1088755130,1567,40577,10159
1092153638,1568,40697,12304
1095540994,1569,12454,8556
1099130056,1570,35287,10189
1102587296,1571,35277,10209
1106053152,1572,35217,10500
1109506945,1573,64323,13506
1112591435,1574,54373,12083
1115925580,1575,12193,7875
1119502569,1576,35017,10079
1122938959,1577,35247,11112
1126413021,1578,63070,13276
1129511547,1579,24197,8806
1133040945,1580,35167,10470
1136513584,1581,35528,11221
1139975924,1582,63180,13636
1143070192,1583,51067,11352
1146423384,1584,41198,12594
1149823284,1585,12614,8587
1153399801,1586,35568,9989
1156867872,1587,34997,10179
1160316657,1588,36109,10149
1163777303,1589,64002,13516
1166852254,1590,53452,12354
1170183324,1591,39846,12504
1173584908,1592,40256,12073
1176982414,1593,40106,13326
1180388406,1594,39836,13015
1183797244,1595,12223,8166
1187356238,1596,35076,9809
1190809500,1597,35187,10741
1194284564,1598,63120,12795
1197407557,1599,51258,11221
1200786879,1600,40738,12634
1204182552,1601,12433,8356
1207748519,1602,35638,9718
1211284829,1603,35207,10390
1214720538,1604,35217,10270
1218175995,1605,64393,13145
1221436750,1606,70224,16992
1224808728,1607,40888,10329
1228232424,1608,40507,12674
1231656520,1609,15029,8586
1235297180,1610,35518,10400
1238839082,1611,35568,10219
1242359082,1612,35467,10580
1245882658,1613,63621,13777
1248963260,1614,54474,12093
1252292827,1615,12273,8025
1255938967,1616,35357,10320
1259402118,1617,35197,10650
1262874918,1618,63250,13546
1265978944,1619,24116,8977
1269513692,1620,35227,10270
1272968167,1621,35057,10810
1276433162,1622,62489,13396
1279506971,1623,51318,11542
1282846597,1624,40928,12814
1286239534,1625,12935,8426
1289818747,1626,35277,10019
1293292007,1627,35408,10099
1296749888,1628,35197,10240
1300202479,1629,63622,13826
1303267532,1630,53331,11853
1306595746,1631,39926,12554
1310091970,1632,43483,12203
1313493324,1633,40287,13315
1316933091,1634,41128,13105
1320406532,1635,12283,8456
1324057070,1636,39015,11261
1327652433,1637,44245,10600
1331159528,1638,64363,12935
1334307298,1639,51699,11452
1337690187,1640,40747,13045
1341104144,1641,12624,8476
1344700499,1642,35568,9829
1348263982,1643,35517,10490
1351729968,1644,35879,10610
1355170687,1645,63952,13446
1358256750,1646,54063,12474
1361585745,1647,40608,10149
1364983141,1648,40658,12393
1368376770,1649,12674,8386
1371953838,1650,35688,10210
1375405808,1651,34967,10179
1378842900,1652,35247,10370
1382304929,1653,63210,14067
1385385351,1654,54864,12173
1388720247,1655,12143,7936
1392326231,1656,35457,10490
1395780536,1657,35247,10741
1399248877,1658,63381,13265
1402349627,1659,24177,8917
1405891168,1660,35207,10430
1409347697,1661,35307,10270
1412794186,1662,63241,13355
1415891901,1663,51448,11502
1419240654,1664,40607,12715
1422636727,1665,12384,8887
1426215389,1666,35638,9939
1429685754,1667,35337,10400
1433147963,1668,35698,10220
1436606616,1669,63371,13837
1439684453,1670,53993,12003
1443003410,1671,39655,12464
1446395936,1672,40618,12263
1449793893,1673,40177,13115
1453189606,1674,39786,12934
1456588695,1675,12163,8496
1460167607,1676,35437,10140
1463625047,1677,34987,12844
1467091875,1678,62570,12774
1470216261,1679,51168,11261
1473562209,1680,40367,12705
1476956930,1681,12424,8436
1480530041,1682,35067,9839
1484072904,1683,35488,10380
1487529443,1684,35487,10330
1490992504,1685,65024,13295
1494074408,1686,54204,12243
1497404195,1687,40698,10380
1500800980,1688,40948,12273
1504197434,1689,12303,8547
1507777909,1690,35147,10410
1511234969,1691,35348,9969
1514697369,1692,35177,10340
1518153377,1693,63240,13786
1521225983,1694,54324,12193
1524561822,1695,12183,7975
1528153819,1696,35207,10169
1531612872,1697,35277,10480
1535088197,1698,63150,13746
1538184889,1699,23956,8857
1541761807,1700,36179,10621
1545229507,1701,35448,10570
1548694091,1702,63031,13225
1551784242,1703,51118,11411
1555127685,1704,41219,12744
1558528638,1705,12434,8696
1562096509,1706,35748,10049
1565549521,1707,35357,10229
1569011960,1708,35418,10941
1572472447,1709,63821,13596
1575535846,1710,53562,11893
1578863078,1711,39866,12464
1582271234,1712,41099,12103
1585664142,1713,39866,13195
1589054244,1714,39996,12935
1592470396,1715,12113,8246
1596041703,1716,35448,10089
1599499945,1717,35147,10210
1602968607,1718,62489,12875
1606086841,1719,51247,11222
1609419894,1720,40317,12784
1612820095,1721,12434,8326
1616391092,1722,35067,9778
1619923826,1723,35357,10069
1623383771,1724,35518,10279
1626838396,1725,64533,13155
1630025301,1726,56207,12754
1633356661,1727,40397,10240
1636769036,1728,40647,12424
1640193473,1729,12554,8576
1643801661,1730,35457,10310
1647293216,1731,35398,10219
1650777017,1732,35437,10681
1654238946,1733,64362,13797
1657322133,1734,54183,12223
1660656248,1735,12383,7986
1664246922,1736,35318,10249
1667712789,1737,35258,10840
1671182663,1738,63000,13316
1674285638,1739,24216,8977
1677822580,1740,35277,10570
1681275562,1741,35257,10580
1684721700,1742,62610,13165
1687808645,1743,50626,11402
1691149102,1744,40768,12774
1694551878,1745,12324,8886
1698120611,1746,35758,9949
1701583752,1747,35026,10290
1705043256,1748,35488,10269
1708503823,1749,63591,13526
1711578163,1750,53302,11772
1714913040,1751,40457,12514
1718314253,1752,40688,12664
1721909185,1753,58161,20900
1725346638,1754,42511,13225
1728776576,1755,12263,8596
1732374213,1756,35598,9949
1735864947,1757,35247,10290
1739351473,1758,63390,12855
1742491718,1759,50737,11382
1745845692,1760,40577,13005
1749239291,1761,12504,8706
1752813664,1762,34927,9889
1756354463,1763,35268,10159
1759813827,1764,35648,10490
1763271208,1765,64362,13356
1766351459,1766,53883,12443
1769677188,1767,40517,10240
1773071158,1768,40447,12423
1776460147,1769,12614,8597
1780032276,1770,35197,10200
1783481842,1771,35137,10149
1786948861,1772,35087,10370
1790407924,1773,63311,13957
1793487575,1774,54133,12183
1796823844,1775,12223,7935
1800430008,1776,35047,10209
1803897547,1777,35388,10550
1807360779,1778,62850,13295
1810464435,1779,24086,8957
1814002038,1780,35017,10249
1817471150,1781,35308,10620
1820932117,1782,63311,13316
1824032417,1783,50967,11382
1827374298,1784,40687,13015
1830760312,1785,12364,8536
1834333012,1786,35939,10069
1837916483,1787,34986,10260
1841372961,1788,35668,10190
1844892630,1789,65154,13987
1848039779,1790,54774,12274
1851442295,1791,41128,12814
1854913571,1792,41289,12384
1858376843,1793,40958,13385
1861837790,1794,41910,13536
1865375494,1795,12353,8467
1869013017,1796,36069,10420
1872547244,1797,35828,10611
1876080779,1798,64343,13215
1879242476,1799,52600,11653
1882688414,1800,42932,13276
1886127971,1801,12754,8647
1889732141,1802,35447,10180
1893299450,1803,36169,10841
1896847744,1804,39555,11973
1900379837,1805,64863,13386
1903505956,1806,55746,13125
1907034712,1807,43343,10721
1910520647,1808,42491,12524
1914001592,1809,12855,8766
1917657190,1810,35959,10410
1921196256,1811,35788,10601
1924708822,1812,35607,10521
1928213181,1813,64343,13536
1931323730,1814,54304,12173
1934681581,1815,12293,8216
1938309346,1816,35759,10309
1941791113,1817,35588,10811
1945281336,1818,64012,15159
1948529648,1819,26140,9999
1952157904,1820,36089,10920
1955873546,1821,38704,11552
1959522041,1822,65004,13405
1962817733,1823,52941,11682
1966371467,1824,41990,13065
1969959736,1825,12845,8767
1973736075,1826,36450,10530
1977402023,1827,38564,10951
1981040969,1828,38875,11231
1984622106,1829,65995,14258
1987778933,1830,55155,12293
1991176940,1831,40637,12865
1994647215,1832,41339,12383
1998105677,1833,40688,13335
2001551405,1834,40597,13196
2005002133,1835,12363,8216
2008601544,1836,35738,10460
2012076859,1837,35467,10540
2015542044,1838,62910,12734
2018668573,1839,51418,11302
2022002548,1840,40327,12865
2025385767,1841,12324,8175
2028938599,1842,35157,9769
2032464500,1843,35267,10160
2035905028,1844,35257,10290
2039340507,1845,63501,13365
2042414957,1846,54514,12293
2045742951,1847,40728,10099
2049125429,1848,40597,12163
2052528836,1849,12694,8537
2056091006,1850,35227,10009
2059537325,1851,35217,10150
2062994866,1852,35077,10429
2066455081,1853,63572,13756
2069533890,1854,53923,12033
2072860691,1855,12254,8135
2076452658,1856,34997,10139
2079887876,1857,35107,10460
2083348342,1858,63030,13847
2086444434,1859,24327,9107
2089986376,1860,35427,10530
2093458274,1861,35407,10871
2096916696,1862,63792,13235
2099999061,1863,51468,11512
2103343386,1864,41329,12944
2106741113,1865,12604,8546
2110316317,1866,35598,9879
2113784057,1867,35247,10270
2117244934,1868,35528,10179
2120705310,1869,63702,13546
2123780923,1870,53392,11913
2127104068,1871,39776,12443
2130512685,1872,41319,12173
2133906394,1873,39966,13075
2137282068,1874,39786,13045
2140694343,1875,12223,8075
2144270770,1876,35457,10120
18446744071562317309,1877,35418,10249
18446744071565785941,1878,63050,12834
18446744071568904716,1879,50846,11282
18446744071572249321,1880,40437,12865
18446744071575641437,1881,12524,8286
18446744071579219728,1882,35297,9899
18446744071582768322,1883,35388,10229
18446744071586226474,1884,41539,10430
18446744071589679626,1885,64794,13185
18446744071592761340,1886,53943,12444
18446744071596086649,1887,40557,10199
18446744071599482131,1888,40317,12493
18446744071602881541,1889,12513,8547
18446744071606468688,1890,35478,10139
18446744071609925508,1891,34907,9949
18446744071613374773,1892,35347,10310
18446744071616827965,1893,63421,13906
18446744071619910220,1894,53963,12173
18446744071623243013,1895,12313,7855
18446744071626844718,1896,35428,10119
18446744071630312558,1897,35238,10790
18446744071633783424,1898,62700,13395
18446744071636994405,1899,26029,14017
18446744071640587945,1900,36078,10781
18446744071644068840,1901,35547,10911
18446744071647551729,1902,63902,13425
18446744071650672698,1903,51979,11562
18446744071654045337,1904,41108,13045
18446744071657463312,1905,12935,8706
18446744071661048065,1906,35458,9858
18446744071664522177,1907,35287,10120
18446744071667969809,1908,35728,10229
18446744071671427279,1909,63311,13636
18446744071674507691,1910,53913,11862
18446744071677832849,1911,39916,12434
18446744071681237529,1912,40707,12224
18446744071684794810,1913,41489,13576
18446744071688210080,1914,40778,13295
18446744071691643084,1915,12213,8086
18446744071695245230,1916,35397,10100
18446744071698725574,1917,35478,10570
18446744071702197081,1918,65906,13015
18446744071705319763,1919,50587,11291
18446744071708664479,1920,40727,12925
18446744071712220357,1921,12874,8507
18446744071715892787,1922,35738,10390
18446744071719579935,1923,39045,11872
18446744071723099685,1924,35738,10400
18446744071726600368,1925,64473,13545
18446744071729714744,1926,54113,12574
18446744071733180851,1927,40978,10550
18446744071736591973,1928,41118,12504
18446744071740015559,1929,12504,8476
18446744071743628566,1930,40116,11452
18446744071747206476,1931,36139,10279
18446744071750691539,1932,35517,10240
18446744071754170390,1933,63391,13656
18446744071757258717,1934,54554,12193
18446744071760602230,1935,12364,7975
18446744071764199698,1936,35227,10159
18446744071767656867,1937,35568,10580
18446744071771130318,1938,63271,13476
18446744071774232752,1939,26761,8907
18446744071777772760,1940,35307,10510
18446744071781232023,1941,34867,10660
18446744071784675547,1942,63281,14878
18446744071787773833,1943,52200,11411
18446744071791124680,1944,40978,13045
18446744071794529812,1945,12523,8567
18446744071798089717,1946,35077,9689
18446744071801541256,1947,35107,10099
18446744071805002855,1948,36048,10240
18446744071808470715,1949,63982,13866
18446744071811546457,1950,53512,11953
18446744071814875012,1951,39806,12444
18446744071818263511,1952,40096,12264
18446744071821640127,1953,39716,13195
18446744071825038966,1954,40136,13176
18446744071828451591,1955,12233,8216
18446744071832026706,1956,35467,9949
18446744071835486070,1957,35257,10531
18446744071838953840,1958,62740,12724
18446744071842066994,1959,50887,11272
18446744071845416569,1960,40317,12644
18446744071848811981,1961,12474,8907
18446744071852381445,1962,35147,9849
18446744071855928135,1963,35588,10130
18446744071859475076,1964,39195,11402
18446744071862976871,1965,65024,13205
18446744071866065198,1966,54534,12794
18446744071869417509,1967,40847,10220
18446744071872834622,1968,41189,12373
18446744071876256725,1969,12404,8526
18446744071879867708,1970,35478,10189
18446744071883344686,1971,35107,10379
18446744071886808298,1972,35107,10470
18446744071890267922,1973,64223,13365
18446744071893346691,1974,54343,12023
18446744071896681527,1975,12294,7845
18446744071900273604,1976,35107,10310
18446744071903725895,1977,35678,10851
18446744071907204116,1978,63441,13575
18446744071910304275,1979,24036,8927
18446744071913820177,1980,34866,10180
18446744071917280082,1981,35427,10641
18446744071920743694,1982,63260,13707
18446744071923843452,1983,50948,11922
18446744071927193117,1984,41139,12564
18446744071930588890,1985,12374,8586
18446744071934162432,1986,35397,9789
18446744071937624862,1987,35257,10179
18446744071941081260,1988,35859,10139
18446744071944542288,1989,64222,13386
18446744071947618061,1990,53732,12093
18446744071950945213,1991,39956,12594
18446744071954348099,1992,40477,12063
18446744071957743531,1993,39936,13195
18446744071961143011,1994,40237,13165
18446744071964552390,1995,12133,8195
18446744071968134658,1996,35498,10179
18446744071971586968,1997,34947,10711
18446744071975042876,1998,62880,12704
18446744071978161862,1999,51087,11192
18446744071981555631,2000,40547,12604
18446744071984953498,2001,12594,8215
18446744071988530185,2002,35077,9709
18446744071992071996,2003,35428,10360
18446744071995531120,2004,35508,10389
18446744071998991887,2005,64392,13296
18446744072002156859,2006,60917,14076
18446744072005491025,2007,40737,10120
18446744072008922966,2008,41449,12965
18446744072012409021,2009,12644,8557
18446744072016073326,2010,36139,10631
18446744072019713345,2011,38734,11211
18446744072023281206,2012,35718,10620
18446744072026807107,2013,64483,13866
18446744072029942774,2014,54844,12294
18446744072033325752,2015,12384,7975
18446744072036978725,2016,35768,10370
18446744072040479278,2017,35487,10631
18446744072043972136,2018,63340,13696
18446744072047096160,2019,24387,9107
18446744072050642510,2020,35097,10310
18446744072054104951,2021,35227,10400
18446744072057561600,2022,63471,13275
18446744072060659785,2023,50747,11462
18446744072063999952,2024,41028,12754
18446744072067395434,2025,12364,8636
18446744072070986900,2026,35107,9999
18446744072074479748,2027,35097,10630
18446744072077973878,2028,35418,10159
18446744072081480803,2029,65194,13466
18446744072084557678,2030,53772,11993
18446744072087867797,2031,39836,12464
18446744072091273029,2032,40146,12554
18446744072094656698,2033,39656,13185
18446744072098040358,2034,40097,13155
18446744072101462351,2035,12163,8376
18446744072105041293,2036,35267,10039
18446744072108508622,2037,35197,10430
18446744072111982975,2038,63541,12824
18446744072115095257,2039,50656,11332
18446744072118440433,2040,40618,12684
18446744072121836957,2041,12715,8265
18446744072125414818,2042,35227,9769
18446744072128960597,2043,35498,10119
18446744072132419400,2044,35778,10370
18446744072135875037,2045,71887,15439
18446744072139137585,2046,73230,13636
18446744072142491318,2047,41279,10580
18446744072145953037,2048,41088,12434
18446744072149443079,2049,12784,8657
18446744072153104398,2050,36069,10390
18446744072156642983,2051,35858,10290
18446744072160175567,2052,36079,10430
18446744072163689936,2053,64553,14027
18446744072166808430,2054,54444,12454
18446744072170172483,2055,12544,8025
18446744072173807652,2056,35618,10319
18446744072177291392,2057,35458,10690
18446744072180783308,2058,62670,13385
18446744072183882786,2059,24507,8847
18446744072187410521,2060,35187,10440
18446744072190868212,2061,35217,10490
18446744072194331713,2062,63511,13436
18446744072197415842,2063,51609,11401
18446744072200731813,2064,41329,13085
18446744072204112608,2065,12584,8526
18446744072207687582,2066,35558,10059
18446744072211160442,2067,35107,10490
18446744072214615568,2068,35377,10370
18446744072218073980,2069,63772,13485
18446744072221152879,2070,54383,11853
18446744072224476183,2071,39726,12454
18446744072227851487,2072,40297,12494
18446744072231241920,2073,40257,13425
18446744072234698959,2074,44585,14879
18446744072238198320,2075,12324,8236
18446744072241790708,2076,35788,9889
18446744072245383446,2077,35338,10329
18446744072248891403,2078,63701,12855
18446744072252052729,2079,51718,11402
18446744072255440656,2080,40528,13245
18446744072258873269,2081,12935,8757
18446744072262475576,2082,35748,9849
18446744072266036073,2083,35237,10179
18446744072269496389,2084,35297,10350
18446744072272954921,2085,64614,13305
18446744072276028360,2086,53733,12323
18446744072279442328,2087,41208,10500
18446744072282875993,2088,42410,12965
18446744072286405821,2089,13125,8877
18446744072290143946,2090,36911,10750
18446744072293757304,2091,36600,10409
18446744072297352988,2092,36710,11121
18446744072300946167,2093,66977,14468
18446744072304143832,2094,56157,12904
18446744072307584510,2095,12625,8235
18446744072311348987,2096,38753,11633
18446744072314977283,2097,38643,11783
18446744072318579539,2098,71025,14598
18446744072321921499,2099,25348,9869
18446744072325708498,2100,37030,10811
18446744072329265388,2101,36429,11021
18446744072332805025,2102,64523,13565
18446744072335960119,2103,52329,11943
18446744072339365530,2104,41589,13205
18446744072342814404,2105,12804,8847
18446744072346421220,2106,35567,10280
18446744072349904499,2107,35428,10359
18446744072353386085,2108,35719,10610
18446744072356854026,2109,64924,14086
18446744072359949336,2110,54043,12073
18446744072363368163,2111,41849,12965
18446744072366913701,2112,42351,12664
18446744072370581833,2113,44094,14507
18446744072374178008,2114,42160,13516
18446744072377810612,2115,12945,8506
18446744072381654660,2116,36940,10801
18446744072385320698,2117,36249,10861
18446744072389016372,2118,66327,13155
18446744072392333054,2119,53963,11602
18446744072395771238,2120,41158,12955
18446744072399328258,2121,13776,9248
18446744072403021227,2122,35708,9979
18446744072406664091,2123,38714,11391
18446744072410273190,2124,36280,11481
18446744072413890156,2125,64643,13235
18446744072417010233,2126,54764,12414
18446744072420514813,2127,41850,10790
18446744072424080019,2128,40727,12524
18446744072427609897,2129,13576,9268
18446744072431254534,2130,35458,10340
18446744072434740940,2131,35247,10210
18446744072438216976,2132,38022,10240
18446744072441689956,2133,64162,13425
18446744072444756872,2134,53972,12003
18446744072448080096,2135,12224,7925
18446744072451666804,2136,35267,10059
18446744072455113443,2137,35117,10530
18446744072458555394,2138,62589,13426
18446744072461640495,2139,24286,8897
18446744072465162648,2140,35097,10370
18446744072468609288,2141,35167,10691
18446744072472055467,2142,62880,13476
18446744072475146519,2143,51238,11411
18446744072478498418,2144,40838,12874
18446744072481890464,2145,12334,8496
18446744072485456832,2146,35358,10019
18446744072488924683,2147,35087,10139
18446744072492363848,2148,35608,10219
18446744072495807652,2149,63562,13485
18446744072498880680,2150,53843,11862
18446744072502203023,2151,39906,18425
18446744072505603384,2152,40437,12094
18446744072509006982,2153,40006,13396
18446744072512416120,2154,39977,13155
18446744072515807495,2155,12013,8176
18446744072519370687,2156,35388,10149
18446744072522838327,2157,35017,10129
18446744072526296810,2158,62779,12855
18446744072529415945,2159,50606,11282
18446744072532747175,2160,40297,12674
18446744072536147356,2161,12474,8306
18446744072539727250,2162,35287,9839
18446744072543249213,2163,35267,10120
18446744072546707315,2164,35808,10309
18446744072550164064,2165,64192,13205
18446744072553237272,2166,53713,12393
18446744072556561058,2167,40587,10290
18446744072559956761,2168,40847,12304
18446744072563342434,2169,12524,8456
18446744072566914924,2170,35167,10049
18446744072570386371,2171,35047,10339
18446744072573846717,2172,35016,10390
18446744072577306962,2173,64022,13987
18446744072580376283,2174,53953,12123
18446744072583712903,2175,12233,7946
18446744072587312034,2176,35037,10179
18446744072590762030,2177,35237,10741
18446744072594217256,2178,71797,13466
18446744072597323056,2179,24126,8877
18446744072600904082,2180,35167,10370
18446744072604395117,2181,35387,10931
18446744072607864009,2182,63330,13095
18446744072610964549,2183,51338,11512
18446744072614311518,2184,40918,12775
18446744072617711018,2185,12384,8807
18446744072621288438,2186,35217,10210
18446744072624760687,2187,35477,10641
18446744072628207357,2188,35317,10239
18446744072631655489,2189,64443,13526
18446744072634727124,2190,53402,12033
18446744072638246132,2191,68530,17484
18446744072641798784,2192,44084,12463
18446744072645221117,2193,40467,13686
18446744072648682916,2194,41088,13476
18446744072652165794,2195,12374,8446
18446744072655812586,2196,36269,10370
18446744072659342224,2197,35749,10449
18446744072662860210,2198,64012,13135
18446744072666020374,2199,51758,11392
18446744072669470019,2200,42912,13506
18446744072672888044,2201,12474,8436
18446744072676487175,2202,35447,9909
18446744072680053072,2203,35277,10270
18446744072683515842,2204,35418,10320
18446744072686973453,2205,64794,13485
18446744072690047834,2206,53652,12334
18446744072693375337,2207,40507,10320
18446744072696762804,2208,40437,12163
18446744072700151663,2209,12504,8807
18446744072703726277,2210,35107,10009
18446744072707182735,2211,34837,10580
18446744072710641508,2212,35207,10470
18446744072714097396,2213,63951,13677
18446744072717177537,2214,54233,12043
18446744072720514738,2215,12343,8066
18446744072724109560,2216,35117,10170
18446744072727570698,2217,35147,10610
18446744072731030223,2218,63501,13806
18446744072734119581,2219,23976,8757
18446744072737637878,2220,35177,10379
18446744072741101410,2221,35187,10900
18446744072744569170,2222,63400,13356
18446744072747664389,2223,51148,11462
18446744072751012111,2224,40978,12744
18446744072754395770,2225,12905,9318
18446744072758070114,2226,35538,10029
18446744072761561309,2227,35879,10339
18446744072765088663,2228,36079,10350
18446744072768632779,2229,65084,13455
18446744072771763536,2230,54364,11782
18446744072775148048,2231,40377,12694
18446744072778616769,2232,41580,12373
18446744072782052859,2233,40768,13706
18446744072785492455,2234,41039,13255
18446744072788946309,2235,12173,8095
18446744072792544808,2236,35929,10229
18446744072796034531,2237,35387,10520
18446744072799517259,2238,62790,12794
18446744072802641124,2239,51067,11312
18446744072805983575,2240,40427,12784
18446744072809378847,2241,12393,8627
18446744072812962067,2242,35507,10180
18446744072816509509,2243,35407,10250
18446744072819947091,2244,35247,10310
18446744072823391256,2245,64082,13346
18446744072826457511,2246,53993,12393
18446744072829783371,2247,40227,10239
18446744072833177741,2248,40838,12193
18446744072836583623,2249,12464,8687
18446744072840136075,2250,34976,10641
18446744072843598474,2251,34957,10129
18446744072847055955,2252,35518,10550
18446744072850517323,2253,63891,13516
18446744072853595139,2254,54073,12404
18446744072856932521,2255,12373,7865
18446744072860536080,2256,35147,10450
18446744072864000203,2257,35157,10400
18446744072867477131,2258,63160,13717
18446744072870566820,2259,23956,8807
18446744072874072182,2260,34826,10390
18446744072877523611,2261,35417,10450
18446744072880979749,2262,63351,13375
18446744072884075369,2263,51158,11472
18446744072887429343,2264,41168,12664
18446744072890826207,2265,12634,8767
18446744072894398587,2266,35628,10149
18446744072897856178,2267,35338,10169
18446744072901287349,2268,35667,10290
18446744072904745280,2269,63821,13616
18446744072907821093,2270,54113,11832
18446744072911141522,2271,39886,12444
18446744072914534319,2272,40938,12223
18446744072917935923,2273,39716,13024
18446744072921345141,2274,40578,13004
18446744072924756504,2275,12203,8065
18446744072928330156,2276,35497,10200
18446744072931798487,2277,35237,10320
18446744072935254365,2278,62579,12845
18446744072938363752,2279,50977,11231
18446744072941685834,2280,40116,12705
18446744072945073171,2281,12704,8496
18446744072948641222,2282,35047,9778
18446744072952185698,2283,35488,10259
18446744072955649731,2284,35688,10470
18446744072959096050,2285,63702,13706
18446744072962302211,2286,57059,12694
18446744072965636277,2287,40427,10149
18446744072969050335,2288,40778,12333
18446744072972469863,2289,12574,8486
18446744072976074534,2290,35568,10790
18446744072979569185,2291,35618,10420
18446744072983055380,2292,35979,11362
18446744072986520796,2293,63742,13255
18446744072989595727,2294,53953,12153
18446744072992920194,2295,12193,8006
18446744072996518162,2296,35267,10220
18446744072999969842,2297,35247,10590
18446744073003437882,2298,62730,13355
18446744073006537652,2299,24005,8967
18446744073010120721,2300,36169,10891
18446744073013566880,2301,34967,10510
18446744073016992370,2302,62609,13265
18446744073020084704,2303,51708,11412
18446744073023432495,2304,40568,12584
18446744073026821615,2305,12484,8837
18446744073030392973,2306,35337,10210
18446744073033859691,2307,34987,10019
18446744073037317813,2308,35277,10370
18446744073040760876,2309,63882,13305
18446744073043814036,2310,54003,11963
18446744073047126921,2311,39896,12624
18446744073050524377,2312,40807,11983
18446744073053919909,2313,39906,13255
18446744073057317786,2314,40617,13015
18446744073060724479,2315,12103,8106
18446744073064283624,2316,35257,10069
18446744073067745212,2317,35588,10630
18446744073071218202,2318,62800,12734
18446744073074340424,2319,51238,11331
18446744073077692363,2320,40187,12614
18446744073081094508,2321,12324,8325
18446744073084676125,2322,35187,9949
18446744073088223116,2323,35498,10269
18446744073091692319,2324,36129,10259
18446744073095155640,2325,64383,13426
18446744073098224841,2326,62559,12544
18446744073101548165,2327,40447,10060
18446744073104938347,2328,40939,12353
18446744073108344841,2329,12384,8366
18446744073111935967,2330,35377,10200
18446744073115412584,2331,35447,10390
18446744073118873701,2332,35177,10430
18446744073122342302,2333,64774,13426
18446744073125424828,2334,53893,11943
18446744073128762160,2335,12183,7925
18446744073132363835,2336,35187,10340
18446744073135829581,2337,35618,10820
18446744073139480751,2338,82727,16041
18446744073142627299,2339,25048,9007
18446744073146187716,2340,35287,10179
18446744073149701844,2341,35578,10600
18446744073153193069,2342,63791,13546
18446744073156316182,2343,52109,11522
18446744073159691105,2344,40938,13075
18446744073163113649,2345,12574,8626
18446744073166716817,2346,35147,9798
18446744073170181541,2347,35237,10139
18446744073173648149,2348,35487,10250
18446744073177111852,2349,63972,13616
18446744073180187304,2350,53312,11732
18446744073183511831,2351,40066,12434
18446744073186913315,2352,40537,12544
18446744073190312173,2353,40197,13295
18446744073193716042,2354,39946,13195
18446744073197113007,2355,12103,7875
18446744073200675417,2356,35878,10330
18446744073204135162,2357,35067,10480
18446744073207608282,2358,63381,12804
18446744073210728991,2359,51317,11272
18446744073214073647,2360,40437,12734
18446744073217466203,2361,12434,8356
18446744073221040987,2362,35097,9789
18446744073224588279,2363,35758,10019
18446744073228040880,2364,35468,10279
18446744073231481188,2365,64783,13506
18446744073234550959,2366,54283,12935
18446744073237875746,2367,40668,10079
18446744073241274795,2368,40648,12183
18446744073244660620,2369,12724,8476
18446744073248239362,2370,35457,10170
18446744073251713223,2371,35408,10249
18446744073255171605,2372,35077,10370
18446744073258628314,2373,63982,14147
18446744073261672146,2374,53232,11963
18446744073265000230,2375,12273,7915
18446744073268599390,2376,35178,10229
18446744073272063584,2377,35036,10641
18446744073275538978,2378,63211,13325
18446744073278706296,2379,24176,8907
18446744073282389146,2380,37201,11402
18446744073286001843,2381,37381,11201
18446744073289681957,2382,67689,14318
18446744073292987809,2383,54724,12243
18446744073296537595,2384,44415,13526
18446744073300135643,2385,13596,9629
18446744073303917813,2386,37461,10951
18446744073307591946,2387,37602,11061
18446744073311266951,2388,39215,11181
18446744073315001200,2389,70474,14558
18446744073318287274,2390,56758,12774
18446744073321863470,2391,43483,13225
18446744073325498639,2392,43042,13165
18446744073329116646,2393,42120,14367
18446744073332689656,2394,42511,13747
18446744073336259501,2395,12694,8647
18446744073339994951,2396,36951,10710
18446744073343598871,2397,36589,10831
18446744073347196328,2398,65385,13746
18446744073350414924,2399,53382,12173
18446744073353927179,2400,42120,13205
18446744073357427421,2401,12954,8817
18446744073361095302,2402,35768,10210
18446744073364709952,2403,36159,10420
18446744073368237516,2404,36249,10410
18446744073371977314,2405,70495,14327
18446744073375305679,2406,58972,13696
18446744073378742810,2407,44666,11201
18446744073382253042,2408,40878,12273
18446744073385794463,2409,12443,8687
18446744073389585609,2410,35688,10109
18446744073393144773,2411,35708,10370
18446744073396691373,2412,35097,10530
18446744073400221502,2413,64103,13485
18446744073403346850,2414,54403,12143
18446744073406711874,2415,13546,8676
18446744073410422136,2416,35428,10189
18446744073413888123,2417,35298,10610
18446744073417377966,2418,63240,13887
18446744073420500978,2419,24217,8907
18446744073424039343,2420,35267,10310
18446744073427504328,2421,35287,10610
18446744073430968902,2422,63200,13205
18446744073434042761,2423,50576,11312
18446744073437373540,2424,40477,12724
18446744073440742632,2425,12453,8587
18446744073444297849,2426,35547,9949
18446744073447751462,2427,34987,10279
18446744073451208862,2428,35448,10249
18446744073454661043,2429,63471,13465
18446744073457716387,2430,52810,11863
18446744073461015856,2431,39695,12354
18446744073464407871,2432,40718,12003
18446744073467812451,2433,40227,13135
18446744073471212181,2434,40317,12925
18446744073474625087,2435,12203,8186
18446744073478234698,2436,40898,10019
18446744073481673763,2437,35007,10109
18446744073485121305,2438,62839,13216
18446744073488239999,2439,50677,11271
18446744073491580497,2440,40557,12965
18446744073494980858,2441,12384,8376
18446744073498551404,2442,34867,9708
18446744073502072125,2443,34947,9959
18446744073505531148,2444,35578,10530
18446744073508985423,2445,64092,13135
18446744073512070604,2446,54033,12343
18446744073515390402,2447,40568,10149
18446744073518783560,2448,40698,12393
18446744073522166548,2449,12364,8296
18446744073525728608,2450,35137,10059
18446744073529193974,2451,35317,9909
18446744073532653368,2452,35237,10299
18446744073536115908,2453,64072,13696
18446744073539196309,2454,53663,11922
18446744073542525425,2455,12193,7915
18446744073546127091,2456,35207,10230
18446744073549593789,2457,35237,10711
18446744073553062852,2458,63110,13215
18446744073556160787,2459,24126,8846
18446744073559705453,2460,35267,10350
18446744073563162853,2461,34997,10360
18446744073566599113,2462,62820,13245
18446744073569688743,2463,51528,11352
18446744073573036524,2464,41579,13045
18446744073576429352,2465,12554,8626
18446744073579999437,2466,35337,9839
18446744073583464652,2467,35327,10430
18446744073586926351,2468,35838,10340
18446744073590386185,2469,63952,13095
18446744073593458351,2470,53753,11772
18446744073596788249,2471,40126,12494
18446744073600291085,2472,47802,12754
18446744073603694884,2473,39916,13295
18446744073607111266,2474,40477,13345
18446744073610544110,2475,12283,8216
18446744073614141798,2476,35718,9949
18446744073617618114,2477,35297,10250
18446744073621112404,2478,63732,13275
18446744073624241890,2479,51067,11402
18446744073627585814,2480,40387,12984
18446744073630988770,2481,12464,8566
18446744073634554988,2482,35097,10119
18446744073638193303,2483,40687,23164
18446744073641768708,2484,37071,10840
18446744073645240757,2485,63811,13666
18446744073648341698,2486,54423,12504
18446744073651695831,2487,41028,10270
18446744073655107484,2488,40858,12424
18446744073658521432,2489,12834,8717
18446744073662108138,2490,35358,10339
18446744073665585867,2491,35648,10140
18446744073669049349,2492,35077,10300
18446744073672505607,2493,63361,13796
18446744073675586290,2494,54754,12193
18446744073678916718,2495,12214,7925
18446744073682516250,2496,35397,10620
18446744073685973810,2497,35378,10540
18446744073689422975,2498,63210,13296
18446744073692508476,2499,24086,8787
18446744073696115001,2500,35768,10550
18446744073699585977,2501,35377,10931
18446744073703048647,2502,62960,13075
18446744073706144498,2503,51278,11412
9155,2504,50526,14608
3486202,2505,12785,8636
7217996,2506,35998,10400
10822516,2507,36029,10741
14323550,2508,35958,10380
17830144,2509,64513,13425
20953487,2510,54775,11842
24309755,2511,40206,12584
27731517,2512,41088,12434
31161496,2513,40086,13476
34628104,2514,46268,15109
38176788,2515,12634,8156
41773644,2516,35618,10019
45268095,2517,35247,10360
48762967,2518,63791,12965
51908963,2519,50857,11312
55267725,2520,40057,12584
58670482,2521,12584,8476
62252149,2522,35227,9809
65796676,2523,35457,10180
69269115,2524,35668,10450
72736805,2525,64452,13236
75818799,2526,53933,12354
79187260,2527,40287,10169
82606127,2528,40367,12243
86042938,2529,12584,8536
89670522,2530,35538,10370
93146087,2531,35508,10310
96609890,2532,35006,10280
100070056,2533,63912,13656
103140639,2534,53752,12043
106462301,2535,12173,7935
110071961,2536,35187,10410
113531275,2537,35197,10660
117000137,2538,63040,13546
120103683,2539,24156,8837
123695750,2540,35247,10770
127164952,2541,35147,10561
130603016,2542,62800,13185
133760565,2543,56418,12664
137144656,2544,41008,12624
140556629,2545,12524,8617
144152654,2546,35638,10109
147647766,2547,35358,10309
151139903,2548,35597,10300
154620086,2549,64273,13255
157699035,2550,54404,12233
161035565,2551,39816,12504
164437901,2552,40698,12273
167849895,2553,40166,13396
171251990,2554,40236,13145
174668712,2555,12244,8145
178249899,2556,35307,10199
181715444,2557,35157,10230
185173165,2558,63060,12835
188277412,2559,50396,11172
191625334,2560,40788,12654
195028171,2561,12784,8356
198615389,2562,35497,10059
202171838,2563,35397,10039
205637824,2564,35788,10390
209116385,2565,73099,14858
212314030,2566,56047,12694
215656411,2567,41068,10260
219072082,2568,41198,12434
222505787,2569,12674,8897
226109216,2570,35307,10330
229606462,2571,35428,10069
233102216,2572,35427,10370
236569304,2573,63361,13436
239653032,2574,54424,11923
242992488,2575,12263,7905
246606927,2576,35378,10460
250064949,2577,35247,10620
253526557,2578,62609,13306
256628239,2579,24116,8787
260175952,2580,34946,10320
263622151,2581,34957,10911
267063551,2582,63501,13205
270171616,2583,51097,11422
273517122,2584,41139,12804
276909769,2585,12344,8606
280480866,2586,35348,9888
283947594,2587,34927,10159
287394555,2588,35267,11742
290861734,2589,63701,13506
293947105,2590,54223,12123
297277874,2591,40117,12594
300677404,2592,47962,12233
304086563,2593,40266,13306
307486744,2594,41469,13155
310877176,2595,12214,8105
314445678,2596,35278,10129
317912436,2597,35188,10019
321373574,2598,63180,13155
324498510,2599,50547,11231
328045743,2600,41449,12864
331463137,2601,12463,8356
335066816,2602,35598,9979
338648222,2603,35608,10430
342131522,2604,35558,10400
345616134,2605,64523,13285
348718798,2606,54714,12284
352059396,2607,40898,10189
355455710,2608,40978,12273
358850511,2609,12594,8646
362438000,2610,35277,10219
365914907,2611,35498,10379
369382757,2612,35097,10280
372852852,2613,63631,13676
375934155,2614,53632,12173
379269713,2615,12243,8086
382850669,2616,34936,10260
386301987,2617,35248,10590
389777632,2618,63171,13656
392896407,2619,24076,8857
396434282,2620,35157,10299
399909706,2621,35297,10460
403379710,2622,64183,13285
406488867,2623,51698,11392
409844934,2624,41269,12654
413249393,2625,12845,9037
416824548,2626,35618,10179
420282960,2627,35328,10249
423730351,2628,35408,10229
427175509,2629,64352,13286
430375739,2630,72308,16000
433744290,2631,41018,12614
437176041,2632,41209,12313
440599767,2633,40287,13436
444026409,2634,40187,13175
447470704,2635,12294,8215
451074804,2636,35798,10240
454554337,2637,34926,10580
458029190,2638,62800,12815
461157233,2639,50707,11292
464506848,2640,40217,12854
467912289,2641,12334,8306
471495199,2642,35177,9869
475046849,2643,35437,10170
478510371,2644,35548,10369
481979143,2645,63671,13666
485043854,2646,53803,12193
488364544,2647,40337,10129
491766519,2648,40668,12243
495173834,2649,12684,8437
498761503,2650,35337,10470
502239182,2651,35347,10390
505708825,2652,35107,10320
509176074,2653,63672,13606
512254402,2654,53893,12063
515595000,2655,12373,8316
519190874,2656,35017,10159
522639057,2657,35117,10460
526198242,2658,64923,14227
529363385,2659,26981,10069
532980249,2660,35878,10530
536493736,2661,36279,10380
540027602,2662,64583,13526
543176013,2663,51849,11672
546574181,2664,41629,13396
550011893,2665,12705,9017
553629679,2666,35528,10049
557127296,2667,35528,11051
560600618,2668,35467,10180
564077986,2669,64453,14047
567163868,2670,53843,12123
570735085,2671,41359,12805
574151598,2672,40417,12604
577571015,2673,40448,13395
580999731,2674,40738,13004
584437414,2675,12253,8647
588049439,2676,35748,10881
591542848,2677,35548,10530
595043822,2678,63791,12855
598192544,2679,51888,11382
601550364,2680,40708,13024
605084320,2681,12514,8486
608713167,2682,36500,10299
612461402,2683,37231,11432
616022049,2684,36399,10470
619574059,2685,66387,13907
622716610,2686,54945,12744
626118184,2687,41349,10741
629581726,2688,41389,12744
633035960,2689,12785,8576
636665599,2690,44184,11031
640186250,2691,35768,10340
643676262,2692,35558,10410
647162417,2693,64112,13927
650275772,2694,54263,12224
653656376,2695,12594,8116
657314129,2696,35657,10601
660963805,2697,38594,11993
664663327,2698,70264,13706
667954310,2699,24978,9117
671727843,2700,36339,10891
675388531,2701,36249,10730
679035522,2702,64894,13646
682212799,2703,52911,11612
685695297,2704,44736,13956
689239263,2705,13556,9518
692942792,2706,36049,10009
696459485,2707,35638,10440
700090176,2708,35768,10330
703592732,2709,64774,13345
706692661,2710,54163,11833
710046233,2711,40097,12524
713465672,2712,40437,12203
716870041,2713,39776,13215
720272717,2714,39806,12875
723686074,2715,12153,8025
727268713,2716,35137,10339
730716965,2717,34877,10129
734171660,2718,62840,12995
737277841,2719,52440,11252
740624240,2720,40086,12845
744029340,2721,12905,8576
747609555,2722,35127,9639
751137570,2723,35178,10069
754570203,2724,35498,10210
758019378,2725,64202,13306
761101874,2726,53642,12163
764432212,2727,40507,10430
767831481,2728,40688,12373
771223988,2729,12554,8336
774787911,2730,35398,10159
778267544,2731,35147,10350
781737338,2732,35298,10510
785203796,2733,63631,14187
788284769,2734,55525,12584
791626148,2735,12213,7845
795213516,2736,35167,10289
798667730,2737,35037,10790
802148575,2738,63080,13456
805257832,2739,24346,8857
808807839,2740,35448,10429
812274998,2741,35187,10440
815736055,2742,63211,13716
818837286,2743,51368,11522
822195427,2744,41079,12774
825592182,2745,12304,8927
829149112,2746,35418,9939
832614528,2747,35197,10530
836086716,2748,35458,10249
839550068,2749,63752,13315
842627464,2750,53833,12063
845961179,2751,39896,12494
849464076,2752,46098,13816
852887591,2753,40137,13446
856297161,2754,39846,13155
859720466,2755,12363,8026
863304137,2756,35407,10180
866767849,2757,35237,10089
870237162,2758,63221,12834
873365576,2759,51037,11252
876718858,2760,40988,12834
880122035,2761,12473,8386
883705655,2762,35077,9749
887253709,2763,35667,10611
890719495,2764,35568,10269
894167497,2765,64413,13215
897238030,2766,53632,12203
900562978,2767,40387,10199
903957228,2768,40948,12494
907363882,2769,12394,8375
910951530,2770,35388,10279
914427747,2771,35317,10239
917896599,2772,35237,10440
921360531,2773,63772,13776
924444199,2774,54254,11982
927784136,2775,12233,8035
931586914,2776,38273,13426
935066317,2777,36359,10480
938600373,2778,63882,13346
941774123,2779,24747,9057
945378884,2780,35939,10520
948916026,2781,35929,10690
952439743,2782,64172,13366
955582664,2783,52310,11632
958981282,2784,41730,12814
962423203,2785,12775,8856
966029327,2786,35678,10270
969525211,2787,35658,10199
973000004,2788,35979,10400
976458487,2789,64192,13095
979542365,2790,53552,11983
982865990,2791,39896,12644
986275980,2792,39966,12033
989686952,2793,39956,13165
993086031,2794,40838,12874
996475172,2795,12143,7925
1000043614,2796,35357,10300
1003503499,2797,35057,10670
1006978182,2798,62880,12894
1010108789,2799,51549,11251
1013512778,2800,41609,13045
1016909342,2801,12714,8326
1020483966,2802,35427,9769
1024041667,2803,35167,10099
1027482697,2804,35317,10250
1030926852,2805,64242,13496
1034018485,2806,53973,12363
1037355065,2807,40547,10280
1040754545,2808,40778,12183
1044155938,2809,12554,8386
1047728248,2810,35066,10110
1051185818,2811,35368,10089
1054644170,2812,35147,10230
1058098966,2813,64012,13936
1061189487,2814,53803,12143
1064522761,2815,12213,7885
1068134255,2816,35257,10420
1071602666,2817,35187,10661
1075056970,2818,62550,13375
1078155707,2819,24266,8897
1081700304,2820,35227,10510
1085170909,2821,35478,10750
1088635543,2822,69192,13666
1091737967,2823,51939,11422
1095076982,2824,40437,12524
1098467445,2825,12433,8697
1102041758,2826,35517,9969
1105516231,2827,35337,10229
1108988319,2828,35638,10430
1112452322,2829,63400,13496
1115528495,2830,53372,11903
1118860286,2831,39977,12514
1122265638,2832,40948,12103
1125670117,2833,39956,13045
1129077783,2834,40507,13105
1132482472,2835,12184,7955
1136055283,2836,35618,10139
1139506581,2837,35408,10360
1142981305,2838,62709,12714
1146107494,2839,51127,11251
1149466907,2840,40257,13165
1152867500,2841,12433,8386
1156446071,2842,35397,9909
1159999334,2843,35337,10400
1163462235,2844,35588,10439
1166914806,2845,64052,13205
1170111008,2846,56718,12674
1173450043,2847,40527,10179
1176921880,2848,41820,12734
1180433394,2849,12824,8717
1184139840,2850,36339,10309
1187710105,2851,36079,10460
1191264039,2852,36049,10470
1194823354,2853,65735,14157
1197988878,2854,55245,12494
1201394940,2855,12324,8045
1205069795,2856,36039,10950
1208591448,2857,35918,10961
1212112529,2858,63621,13596
1215257324,2859,25729,8957
1218828301,2860,35478,10670
1222321500,2861,35688,10950
1225805781,2862,63080,13346
1228912313,2863,51798,11552
1232262969,2864,40898,12845
1235667148,2865,12344,8646
1239235299,2866,35097,9899
1242690656,2867,34856,10170
1246135993,2868,35027,10079
1249579878,2869,63562,13004
1252638058,2870,53071,17573
1255952646,2871,39826,12353
1259332248,2872,40236,11963
1262713743,2873,39415,13456
1266107642,2874,39977,13125
1269502023,2875,12073,8015
1273059363,2876,35137,9979
1276499712,2877,34936,10220
1279955970,2878,62639,12745
1283063994,2879,50256,11221
1286395114,2880,40146,12775
1289779705,2881,12925,8416
1293334401,2882,34756,9759
1296864369,2883,35087,10731
1300304076,2884,35367,10290
1303746237,2885,63431,13145
1306812873,2886,53322,12123
1310130577,2887,40458,10169
1313501493,2888,40116,12324
1316891685,2889,12524,8386
1320450318,2890,35027,10290
1323907768,2891,35057,9999
1327356352,2892,34927,10159
1330797251,2893,63431,13636
1333863576,2894,53632,12203
1337187992,2895,12124,7844
1340768268,2896,35287,10420
1344204798,2897,35327,10360
1347662208,2898,63101,13285
1350753380,2899,23886,8797
1354322714,2900,35568,10640
1357774944,2901,35067,10430
1361228177,2902,63451,13556
1364311604,2903,51128,11391
1367645870,2904,40547,12814
1371020923,2905,12344,8616
1374576692,2906,35006,9889
1378029754,2907,35076,10380
1381464020,2908,35307,10230
1384908876,2909,64042,13857
1387970362,2910,53502,12203
1391272506,2911,40217,12413
1394658310,2912,41419,12143
1398045987,2913,39896,12975
1401431841,2914,40127,12994
1404828196,2915,12213,8105
1408382491,2916,35477,9929
1411820804,2917,35137,10190
1415277904,2918,63030,13135
1418386870,2919,50426,11192
1421720074,2920,40337,12544
1425109705,2921,12484,8416
1428674740,2922,37762,9729
1432378471,2923,39826,13345
1435856901,2924,36169,10430
1439336183,2925,64563,13245
1442437455,2926,54143,12514
1445780667,2927,40507,10120
1449167843,2928,40668,12263
1452566261,2929,12454,8396
1456143480,2930,35488,9959
1459615959,2931,35598,10329
1463075113,2932,35137,10300
1466536561,2933,63912,14197
1469605311,2934,54714,11923
1472937633,2935,12343,7945
1476540049,2936,35819,10129
1480000515,2937,35428,10700
1483451553,2938,62560,13285
1486535682,2939,23996,8887
1490173196,2940,35688,10440
1493631418,2941,35527,10400
1497138273,2942,64002,13395
1500271275,2943,51268,11542
1503663260,2944,41900,12855
1507090814,2945,12544,8857
1510709000,2946,35508,10180
1514200696,2947,35398,10660
1517676051,2948,35928,10430
1521157958,2949,63791,13376
1524229432,2950,53743,12022
1527554972,2951,40166,12514
1530954141,2952,40277,12023
1534345536,2953,40246,13245
1537746799,2954,40928,12964
1541147481,2955,12073,8105
1544712697,2956,35317,10159
1548151822,2957,34957,10390
1551588423,2958,62639,12865
1554691447,2959,50968,11221
1558022637,2960,40407,12645
1561389956,2961,12524,8356
1564938841,2962,34937,9728
1568575433,2963,39034,11312
1572068852,2964,35998,10490
1575639899,2965,67879,14377
1578893400,2966,57119,13245
1582425343,2967,43523,10950
1586014124,2968,43523,13155
1589612824,2969,13495,9138
1593394292,2970,37160,10621
1597046373,2971,37071,11081
1600685279,2972,45507,10901
1604371055,2973,67799,15059
1607665534,2974,57320,12934
1611214038,2975,13616,9298
1615045902,2976,36871,10600
1618656245,2977,36609,11683
1622265785,2978,65705,14198
1625491003,2979,25158,9258
1629165106,2980,36570,10760
1632732737,2981,36629,11342
1636307470,2982,65505,13426
1639484767,2983,52079,11742
1642905748,2984,41849,13065
1646374330,2985,13275,8887
1650008187,2986,35838,10099
1653530080,2987,36089,10740
1657044198,2988,36159,10861
1660711158,2989,64723,14257
1663929432,2990,54414,12163
1667427851,2991,41248,12915
1671025228,2992,41769,12634
1674622354,2993,41369,13586
1678222477,2994,41469,13436
1681743900,2995,12464,8526
1685435947,2996,36871,10570
1688996454,2997,35999,10460
1692541672,2998,64402,13246
1696434853,2999,42551,12013
