timestamp_us,collection,mark_time_us,sweep_time_us
33149527276,0,43,65
33149530274,1,86,158
33149538390,2,312,508
33149549244,3,264,467
33149570111,4,259,511
33149583229,5,223,480
33149596192,6,218,474
33149609083,7,223,458
33149622054,8,222,478
33149634985,9,221,464
33149647976,10,225,473
33149660877,11,219,457
33149673885,12,220,472
33149686914,13,218,464
33149699917,14,214,462
33149712927,15,221,465
33149725963,16,217,470
33149739068,17,219,461
33149752098,18,218,475
33149765065,19,218,452
33149778142,20,214,460
33149791097,21,218,462
33149804032,22,217,470
33149817000,23,216,458
33149829948,24,218,468
33149842908,25,218,448
33149855843,26,217,465
33149868808,27,216,455
33149881756,28,220,469
33149894751,29,219,452
33149907783,30,219,467
33149920743,31,218,460
33149933761,32,217,472
33149946776,33,217,452
33149959795,34,216,466
33149972779,35,219,453
33149985849,36,227,493
33149999885,37,231,484
33150013461,38,224,474
33150026881,39,222,457
33150040205,40,219,470
33150053500,41,220,457
33150066664,42,221,473
33150079745,43,218,461
33150092755,44,224,473
33150106251,45,225,474
33150120121,46,226,479
33150133915,47,225,464
33150147655,48,223,482
33150161289,49,226,462
33150174802,50,218,471
33150188139,51,220,461
33150201268,52,224,469
33150214255,53,217,452
33150227182,54,215,476
33150240153,55,220,455
33150253366,56,220,472
33150266462,57,218,455
33150279479,58,228,469
33150292514,59,217,454
33150305576,60,219,468
33150318569,61,218,448
33150331460,62,226,468
33150344430,63,222,451
33150357453,64,219,471
33150370421,65,217,455
33150383489,66,228,469
33150396496,67,221,452
33150409494,68,216,465
33150422465,69,216,452
33150435419,70,227,470
33150448362,71,216,454
33150461280,72,220,465
33150474221,73,219,450
33150487174,74,218,476
33150500166,75,224,457
33150513144,76,220,469
33150526118,77,218,452
33150539081,78,216,475
33150552025,79,218,450
33150565138,80,229,466
33150578370,81,224,460
33150591656,82,219,476
33150604842,83,218,452
33150617893,84,219,466
33150630853,85,220,454
33150643829,86,217,469
33150656792,87,220,453
33150669655,88,216,464
33150682539,89,218,445
33150695475,90,229,469
33150708430,91,216,451
33150721332,92,218,467
33150734263,93,214,451
33150747158,94,220,477
33150760114,95,218,456
33150773100,96,217,467
33150786110,97,216,452
33150799109,98,217,471
33150812154,99,218,453
33150825220,100,216,472
33150838249,101,221,450
33150851265,102,219,477
33150864308,103,217,450
33150877338,104,220,466
33150890469,105,217,448
33150903587,106,217,470
33150916667,107,219,454
33150929639,108,228,482
33150942624,109,220,448
33150955646,110,218,471
33150968671,111,220,458
33150981723,112,216,468
33150995535,113,237,464
33151009239,114,224,480
33151022861,115,220,458
33151036309,116,220,475
33151049823,117,240,469
33151063297,118,221,487
33151076450,119,224,463
33151089775,120,222,478
33151103694,121,234,476
33151117085,122,222,476
33151130420,123,221,455
33151143606,124,219,470
33151156704,125,224,456
33151169758,126,219,470
33151182961,127,220,462
33151196236,128,219,472
33151209409,129,218,451
33151222446,130,213,465
33151235422,131,230,449
33151248398,132,219,471
33151261406,133,224,452
33151274378,134,217,469
33151287360,135,235,474
33151300366,136,217,471
33151313362,137,220,454
33151326414,138,218,467
33151339473,139,229,452
33151352603,140,220,469
33151365703,141,218,453
33151378755,142,216,465
33151391894,143,219,456
33151405379,144,221,471
33151418675,145,223,457
33151431850,146,220,470
33151444908,147,219,454
33151457884,148,219,467
33151470887,149,217,461
33151483958,150,216,468
33151497119,151,218,453
33151510256,152,218,470
33151523319,153,245,457
33151536333,154,218,469
33151549343,155,216,453
33151562326,156,217,464
33151575385,157,226,455
33151588442,158,222,463
33151601492,159,219,450
33151614592,160,216,469
33151627641,161,215,451
33151640680,162,222,470
33151653736,163,215,450
33151666714,164,213,463
33151679684,165,219,456
33151692692,166,219,468
33151705715,167,217,452
33151718838,168,221,478
33151731898,169,220,457
33151744923,170,218,467
33151757971,171,216,454
33151770976,172,218,477
33151784066,173,221,456
33151797101,174,218,464
33151810247,175,219,453
33151823341,176,229,472
33151836415,177,221,460
33151849453,178,219,466
33151862459,179,217,457
33151875573,180,227,487
33151888849,181,219,460
33151902084,182,218,478
33151915237,183,217,466
33151928301,184,215,471
33151941356,185,216,454
33151954358,186,220,468
33151967372,187,228,451
33151980387,188,218,473
33151993917,189,223,459
33152007241,190,219,482
33152020467,191,219,450
33152033525,192,219,467
33152046547,193,216,452
33152060058,194,227,486
33152073859,195,229,468
33152087498,196,233,482
33152101159,197,232,536
33152114660,198,221,473
33152127882,199,220,458
33152140990,200,221,465
33152153991,201,220,454
33152167214,202,220,482
33152180337,203,219,456
33152193328,204,222,468
33152206307,205,218,454
33152219274,206,218,482
33152232257,207,219,453
33152245211,208,222,467
33152258178,209,219,449
33152271164,210,214,480
33152284143,211,222,455
33152297145,212,217,464
33152310131,213,217,450
33152323093,214,218,479
33152336116,215,218,454
33152349114,216,220,468
33152362094,217,215,457
33152375049,218,217,481
33152388075,219,229,471
33152401255,220,219,470
33152414427,221,222,451
33152427550,222,222,472
33152440720,223,220,454
33152453787,224,219,468
33152466816,225,218,453
33152479888,226,219,470
33152493141,227,221,460
33152506504,228,218,471
33152519868,229,216,458
33152533001,230,217,472
33152546011,231,219,454
33152559691,232,227,487
33152573921,233,226,476
33152588176,234,232,487
33152602500,235,227,470
33152616803,236,227,485
33152631018,237,226,493
33152645115,238,224,484
33152659007,239,226,473
33152672690,240,221,477
33152686116,241,222,453
33152699255,242,220,472
33152712220,243,215,454
33152725070,244,218,463
33152737955,245,217,453
33152751377,246,231,475
33152764764,247,222,457
33152777952,248,220,470
33152790990,249,213,462
33152803981,250,218,471
33152816944,251,220,454
33152829904,252,219,467
33152842894,253,217,462
33152855934,254,217,467
33152869009,255,221,456
33152882059,256,216,471
33152895125,257,217,468
33152908424,258,217,472
33152921622,259,218,458
33152934724,260,219,467
33152947735,261,217,454
33152960709,262,218,468
33152973758,263,220,451
33152986857,264,238,518
33153000619,265,233,468
33153014089,266,223,477
33153027343,267,226,455
33153040437,268,220,470
33153053640,269,221,460
33153067021,270,223,504
33153080246,271,223,459
33153093322,272,222,470
33153107912,273,234,462
33153121032,274,218,472
33153134032,275,218,451
33153146935,276,220,475
33153159933,277,220,452
33153172899,278,214,467
33153185854,279,216,447
33153198883,280,219,479
33153211890,281,219,453
33153224808,282,218,469
33153237735,283,219,455
33153250654,284,220,466
33153263581,285,222,452
33153276495,286,216,468
33153289520,287,239,495
33153302551,288,217,464
33153315524,289,218,454
33153328478,290,214,465
33153341497,291,219,453
33153354438,292,217,465
33153367496,293,219,452
33153380532,294,217,469
33153393597,295,217,453
33153406685,296,216,460
33153419778,297,214,452
33153432858,298,217,469
33153445925,299,216,452
33153458978,300,222,477
33153472011,301,218,454
33153485059,302,220,468
33153498101,303,218,452
33153511246,304,238,472
33153524363,305,219,454
33153537400,306,215,468
33153550409,307,215,452
33153563401,308,226,468
33153576440,309,220,457
33153589480,310,219,467
33153602498,311,219,456
33153615522,312,216,470
33153628554,313,220,454
33153641562,314,215,465
33153654577,315,215,454
33153667585,316,217,471
33153680668,317,218,451
33153693730,318,219,467
33153706805,319,216,463
33153719894,320,221,467
33153733050,321,231,456
33153746210,322,218,471
33153759353,323,227,454
33153772425,324,216,467
33153785517,325,219,451
33153798611,326,218,460
33153811719,327,216,454
33153824809,328,219,464
33153837870,329,218,450
33153850906,330,217,473
33153863940,331,222,459
33153876888,332,219,465
33153889855,333,217,449
33153902821,334,218,477
33153915816,335,218,454
33153928763,336,217,470
33153941719,337,220,451
33153954674,338,218,468
33153967645,339,218,454
33153980672,340,221,467
33153994488,341,224,456
33154008164,342,219,471
33154021602,343,227,464
33154034848,344,218,481
33154047995,345,216,458
33154061250,346,224,475
33154074412,347,222,459
33154087514,348,219,470
33154100851,349,223,468
33154114384,350,222,473
33154127611,351,217,451
33154140756,352,219,472
33154153920,353,219,453
33154167002,354,216,479
33154180111,355,218,457
33154193242,356,217,465
33154206323,357,218,452
33154219340,358,227,465
33154232352,359,217,452
33154245407,360,216,472
33154258428,361,216,452
33154271450,362,219,471
33154284481,363,222,455
33154297519,364,219,466
33154310561,365,218,451
33154323591,366,216,468
33154336616,367,222,455
33154349625,368,218,464
33154362660,369,219,455
33154375729,370,219,465
33154388772,371,216,451
33154401884,372,219,470
33154415022,373,222,468
33154428082,374,223,466
33154441137,375,218,452
33154454160,376,221,467
33154467190,377,219,463
33154480210,378,217,466
33154493311,379,220,454
33154506539,380,215,465
33154519670,381,219,456
33154532733,382,219,470
33154545796,383,218,453
33154558809,384,214,477
33154572044,385,221,461
33154585430,386,218,474
33154598736,387,218,455
33154611897,388,220,470
33154625017,389,222,455
33154638156,390,215,465
33154651206,391,231,455
33154664240,392,218,467
33154677344,393,222,453
33154690424,394,217,472
33154703458,395,216,454
33154716453,396,220,464
33154729502,397,219,455
33154742485,398,218,464
33154755488,399,218,454
33154768506,400,220,468
33154781508,401,218,446
33154794500,402,218,464
33154807511,403,219,452
33154820529,404,219,466
33154833540,405,221,456
33154846577,406,216,464
33154859592,407,217,456
33154872594,408,220,468
33154885627,409,218,453
33154898729,410,215,465
33154911901,411,217,457
33154924999,412,218,470
33154938182,413,219,454
33154951259,414,240,472
33154964329,415,216,456
33154977335,416,217,462
33154990925,417,254,511
33155004442,418,219,475
33155017831,419,219,461
33155031130,420,219,480
33155044337,421,221,457
33155057789,422,221,466
33155070990,423,219,473
33155084371,424,228,484
33155098087,425,287,624
33155111936,426,219,476
33155125191,427,220,453
33155138326,428,219,464
33155151409,429,232,454
33155164831,430,218,472
33155178204,431,220,456
33155191436,432,221,470
33155204559,433,216,451
33155217603,434,217,467
33155230651,435,217,445
33155243845,436,218,472
33155257162,437,218,458
33155270391,438,214,475
33155283546,439,216,456
33155296682,440,217,466
33155309760,441,221,450
33155322794,442,218,473
33155335852,443,221,453
33155348886,444,217,466
33155361933,445,219,453
33155374976,446,218,475
33155388023,447,217,451
33155401224,448,224,479
33155414659,449,218,455
33155428054,450,223,468
33155441272,451,220,452
33155454348,452,218,472
33155467413,453,216,455
33155480437,454,217,467
33155493595,455,220,449
33155506738,456,218,474
33155519863,457,218,458
33155532917,458,219,468
33155546017,459,218,454
33155559223,460,229,469
33155572396,461,219,455
33155585457,462,219,470
33155598524,463,222,452
33155611613,464,216,469
33155624688,465,219,455
33155637731,466,218,462
33155650779,467,219,459
33155663837,468,219,463
33155676936,469,219,458
33155690023,470,220,469
33155703098,471,217,462
33155716200,472,229,495
33155729421,473,224,453
33155742558,474,217,464
33155755645,475,218,455
33155768679,476,216,464
33155781744,477,219,451
33155794797,478,216,476
33155807886,479,216,456
33155821011,480,217,471
33155834079,481,219,447
33155847106,482,222,475
33155860169,483,221,451
33155873359,484,218,473
33155886575,485,214,453
33155899750,486,221,476
33155913210,487,224,457
33155926559,488,217,471
33155939791,489,217,453
33155952877,490,217,465
33155965942,491,218,454
33155978975,492,215,474
33155992540,493,229,476
33156006326,494,221,480
33156020091,495,223,465
33156033730,496,219,475
33156047262,497,231,463
33156060719,498,224,479
33156073923,499,219,455
33156087021,500,218,479
33156100228,501,232,467
33156113512,502,222,468
33156126587,503,216,450
33156139641,504,219,471
33156152696,505,219,459
33156165845,506,221,473
33156178959,507,219,464
33156192006,508,217,463
33156205033,509,218,450
33156218055,510,218,462
33156231069,511,217,463
33156244083,512,219,466
33156257138,513,218,450
33156270176,514,222,467
33156283222,515,228,454
33156296309,516,217,463
33156309330,517,217,451
33156322316,518,221,467
33156335370,519,229,451
33156348428,520,217,468
33156361448,521,215,452
33156374459,522,221,469
33156387483,523,217,450
33156400504,524,218,468
33156413556,525,220,453
33156426596,526,219,470
33156439663,527,219,454
33156452677,528,218,467
33156465726,529,218,448
33156478765,530,220,475
33156491859,531,222,451
33156504968,532,216,467
33156518166,533,221,455
33156531350,534,230,467
33156544495,535,222,454
33156557784,536,223,475
33156571217,537,229,456
33156584530,538,221,469
33156597736,539,218,455
33156610814,540,217,479
33156623841,541,219,452
33156636996,542,217,469
33156650148,543,221,449
33156663156,544,224,471
33156676155,545,217,455
33156689166,546,219,469
33156702216,547,217,453
33156715224,548,228,461
33156728306,549,217,453
33156741396,550,222,468
33156754451,551,216,451
33156767490,552,219,466
33156780547,553,216,452
33156793573,554,219,470
33156806751,555,216,464
33156819874,556,221,466
33156832926,557,218,452
33156845953,558,219,462
33156858950,559,217,462
33156872001,560,219,465
33156885007,561,218,452
33156898007,562,218,463
33156911159,563,230,457
33156924226,564,219,467
33156937275,565,217,452
33156950309,566,218,464
33156963350,567,231,456
33156976371,568,219,468
33156989743,569,268,557
33157003708,570,222,477
33157017407,571,222,465
33157031049,572,223,485
33157044590,573,224,460
33157058058,574,226,475
33157071301,575,230,459
33157084387,576,218,473
33157097544,577,492,1004
33157112316,578,217,471
33157125597,579,219,457
33157138788,580,221,474
33157151906,581,221,453
33157165125,582,220,473
33157178219,583,220,453
33157191235,584,230,468
33157204292,585,220,455
33157217297,586,218,473
33157230323,587,220,451
33157243365,588,218,469
33157256389,589,217,453
33157269426,590,220,459
33157282512,591,215,451
33157295539,592,227,470
33157308579,593,221,447
33157321606,594,221,466
33157334698,595,216,462
33157347798,596,213,465
33157360913,597,220,460
33157374020,598,215,468
33157387138,599,229,454
33157400294,600,217,464
33157413411,601,219,453
33157426499,602,219,460
33157439554,603,220,454
33157452548,604,214,460
33157465557,605,220,454
33157478589,606,217,462
33157491630,607,219,447
33157504643,608,216,465
33157517814,609,219,448
33157530952,610,218,484
33157544023,611,219,450
33157557069,612,219,464
33157570153,613,219,456
33157583214,614,229,465
33157596271,615,218,458
33157609277,616,221,466
33157622297,617,217,452
33157635310,618,227,468
33157648378,619,221,454
33157661459,620,215,464
33157674480,621,219,448
33157687496,622,220,470
33157700509,623,217,452
33157713519,624,222,466
33157726568,625,219,451
33157739745,626,218,471
33157752887,627,217,451
33157765934,628,218,471
33157778986,629,213,461
33157792047,630,215,470
33157805104,631,217,453
33157818123,632,218,461
33157831150,633,232,454
33157844179,634,219,471
33157857226,635,221,449
33157870268,636,217,467
33157883296,637,231,449
33157896336,638,219,470
33157909363,639,221,452
33157922412,640,213,464
33157935501,641,218,452
33157948572,642,214,470
33157961634,643,222,452
33157974630,644,222,463
33157987888,645,237,478
33158002007,646,225,481
33158016075,647,229,471
33158030158,648,224,479
33158044125,649,224,468
33158058101,650,228,479
33158071863,651,225,468
33158085456,652,222,477
33158099029,653,325,620
33158112663,654,222,470
33158125789,655,220,451
33158138890,656,216,476
33158152067,657,218,449
33158165142,658,216,468
33158178175,659,215,451
33158191225,660,228,462
33158204192,661,220,451
33158217190,662,218,469
33158230174,663,218,451
33158243185,664,227,467
33158256193,665,217,454
33158269213,666,219,471
33158282285,667,217,452
33158295283,668,235,487
33158308369,669,219,457
33158321412,670,217,468
33158334509,671,217,451
33158347552,672,219,464
33158360601,673,219,461
33158373895,674,222,474
33158387043,675,215,467
33158400109,676,220,477
33158413303,677,220,453
33158426403,678,216,466
33158439466,679,224,453
33158452515,680,217,465
33158465543,681,216,452
33158478614,682,216,462
33158491793,683,216,456
33158505206,684,220,473
33158518397,685,221,450
33158531471,686,215,466
33158544522,687,217,452
33158557516,688,217,475
33158570721,689,222,473
33158584346,690,221,476
33158597844,691,221,457
33158611205,692,224,471
33158624501,693,225,459
33158637692,694,219,466
33158650817,695,217,463
33158663872,696,216,471
33158677020,697,219,450
33158690043,698,218,463
33158703047,699,219,468
33158716073,700,216,470
33158729099,701,220,455
33158742103,702,219,469
33158755110,703,232,453
33158768195,704,216,466
33158781310,705,219,457
33158794423,706,218,464
33158807543,707,219,452
33158820648,708,218,470
33158833757,709,215,458
33158846880,710,216,475
33158859929,711,219,454
33158872962,712,214,466
33158886110,713,219,458
33158899222,714,230,474
33158912371,715,221,455
33158925387,716,218,470
33158938411,717,214,446
33158951401,718,218,467
33158964404,719,219,456
33158977509,720,217,467
33158991100,721,255,501
33159004459,722,220,468
33159017666,723,220,452
33159030848,724,219,480
33159044027,725,218,453
33159057399,726,223,474
33159070647,727,221,473
33159083944,728,231,482
33159097462,729,245,500
33159111025,730,221,483
33159124181,731,220,457
33159137219,732,220,466
33159150246,733,217,451
33159163350,734,215,466
33159176450,735,220,452
33159189478,736,219,463
33159202526,737,220,448
33159215534,738,218,463
33159228569,739,222,459
33159241655,740,219,470
33159254664,741,216,462
33159267677,742,217,470
33159280693,743,221,451
33159293757,744,219,471
33159306889,745,217,461
33159320002,746,219,467
33159333103,747,215,452
33159346180,748,217,467
33159359199,749,231,455
33159372264,750,216,469
33159385297,751,216,452
33159398305,752,220,468
33159411426,753,217,454
33159424464,754,221,469
33159437577,755,217,457
33159450659,756,217,479
33159463790,757,218,454
33159476854,758,221,464
33159489890,759,219,453
33159503156,760,231,473
33159516279,761,219,454
33159529330,762,216,470
33159542386,763,219,452
33159555413,764,220,463
33159568459,765,221,457
33159581498,766,219,464
33159594517,767,219,450
33159607558,768,219,470
33159620653,769,220,452
33159633739,770,217,466
33159646793,771,218,465
33159659811,772,219,467
33159672863,773,218,451
33159685886,774,217,458
33159698982,775,219,462
33159712083,776,221,471
33159725338,777,221,454
33159738496,778,217,467
33159751564,779,219,448
33159764737,780,221,467
33159777810,781,221,453
33159790866,782,217,480
33159803998,783,222,457
33159817044,784,217,469
33159830089,785,217,448
33159843127,786,227,468
33159856270,787,220,455
33159869305,788,219,469
33159882506,789,218,451
33159895706,790,219,474
33159908879,791,220,452
33159921982,792,219,468
33159935186,793,229,453
33159948335,794,219,469
33159961452,795,216,456
33159974536,796,217,464
33159987851,797,241,565
33160001784,798,223,475
33160015144,799,229,454
33160028415,800,218,476
33160041548,801,218,449
33160054679,802,217,484
33160067751,803,219,460
33160080805,804,222,474
33160093896,805,221,454
33160108776,806,228,475
33160122325,807,224,461
33160135758,808,221,477
33160149102,809,222,454
33160162370,810,217,466
33160175540,811,218,453
33160188542,812,220,464
33160201583,813,218,447
33160214606,814,216,478
33160227634,815,218,458
33160240673,816,219,470
33160253806,817,218,449
33160266911,818,217,478
33160280060,819,222,456
33160293148,820,218,469
33160306212,821,216,451
33160319280,822,215,467
33160332367,823,220,452
33160345428,824,219,468
33160358495,825,219,450
33160371545,826,218,468
33160384627,827,219,451
33160397831,828,221,464
33160410970,829,219,460
33160424075,830,219,465
33160437136,831,219,452
33160450148,832,218,467
33160463173,833,228,449
33160476184,834,218,468
33160489225,835,220,456
33160502262,836,220,464
33160515311,837,228,471
33160528516,838,219,471
33160541650,839,219,450
33160555004,840,220,491
33160568605,841,222,462
33160582082,842,219,474
33160595406,843,220,462
33160608618,844,219,471
33160621751,845,219,449
33160634815,846,216,478
33160647893,847,220,451
33160660912,848,220,471
33160673950,849,216,447
33160686971,850,221,478
33160700087,851,217,449
33160713116,852,219,472
33160726164,853,223,453
33160739207,854,229,466
33160752326,855,221,450
33160765373,856,220,462
33160778445,857,218,449
33160791476,858,221,468
33160804515,859,218,454
33160817591,860,221,467
33160830638,861,216,460
33160843681,862,220,464
33160856740,863,219,453
33160869777,864,223,467
33160882839,865,215,464
33160895875,866,219,470
33160908945,867,222,454
33160921989,868,221,465
33160935030,869,228,453
33160948104,870,220,467
33160961156,871,217,456
33160974195,872,216,462
33160987397,873,238,496
33161000786,874,223,469
33161013924,875,219,454
33161027035,876,227,467
33161040102,877,217,455
33161053271,878,220,473
33161066382,879,222,453
33161079604,880,220,470
33161092759,881,219,457
33161106460,882,273,535
33161120454,883,224,463
33161134291,884,225,479
33161148073,885,224,460
33161161703,886,223,469
33161175173,887,233,456
33161188428,888,222,465
33161201518,889,217,452
33161214537,890,215,466
33161227512,891,220,452
33161240505,892,215,465
33161253469,893,218,449
33161266490,894,217,467
33161279520,895,220,454
33161292536,896,220,468
33161305549,897,218,448
33161318522,898,217,466
33161331583,899,221,454
33161344700,900,219,463
33161357797,901,218,453
33161370906,902,216,489
33161383980,903,217,455
33161397011,904,221,469
33161410065,905,218,447
33161423099,906,224,468
33161436130,907,215,454
33161449136,908,216,467
33161462186,909,218,452
33161475266,910,218,468
33161488364,911,218,460
33161501534,912,219,469
33161514779,913,219,459
33161527895,914,214,470
33161540949,915,221,451
33161554011,916,218,469
33161567098,917,224,453
33161580175,918,217,471
33161593221,919,220,453
33161606266,920,219,468
33161619316,921,221,454
33161632317,922,219,463
33161645363,923,218,454
33161658408,924,216,463
33161671453,925,217,453
33161684483,926,218,468
33161697533,927,222,451
33161710597,928,218,473
33161723641,929,217,451
33161736781,930,219,469
33161749910,931,217,449
33161762958,932,215,481
33161776026,933,218,451
33161789055,934,212,473
33161802152,935,214,445
33161815272,936,217,470
33161828406,937,218,454
33161841444,938,220,467
33161854472,939,217,450
33161867533,940,214,468
33161880580,941,223,452
33161893610,942,219,465
33161906720,943,217,464
33161919888,944,217,474
33161933007,945,216,451
33161946028,946,220,466
33161959048,947,227,453
33161972076,948,216,466
33161985154,949,230,486
33161998817,950,221,487
33162012199,951,220,454
33162025452,952,219,471
33162038602,953,218,460
33162051804,954,221,473
33162064899,955,222,458
33162077941,956,220,463
33162091029,957,232,453
33162104442,958,260,555
33162117856,959,219,460
33162131016,960,228,470
33162144103,961,219,453
33162157134,962,219,471
33162170260,963,217,452
33162183277,964,220,471
33162196273,965,217,452
33162209238,966,219,468
33162222198,967,216,452
33162235167,968,228,470
33162248167,969,218,454
33162261162,970,217,470
33162274147,971,220,456
33162287128,972,225,465
33162300095,973,230,476
33162313088,974,216,468
33162326080,975,220,454
33162339065,976,227,467
33162352095,977,219,453
33162365105,978,217,467
33162378094,979,217,452
33162391076,980,233,468
33162404113,981,223,452
33162417148,982,220,467
33162430199,983,217,452
33162443178,984,226,467
33162456173,985,220,452
33162469127,986,219,463
33162482067,987,212,448
33162495012,988,228,466
33162508154,989,220,453
33162521192,990,218,465
33162534176,991,219,448
33162547108,992,243,469
33162560126,993,215,451
33162573388,994,225,477
33162586931,995,222,469
33162600408,996,222,476
33162613772,997,220,456
33162626988,998,226,466
33162640098,999,217,457
33162653127,1000,219,468
33162666050,1001,216,448
33162678994,1002,226,472
33162691989,1003,219,457
33162704967,1004,219,467
33162717891,1005,217,450
33162730853,1006,215,480
33162743864,1007,219,457
33162756826,1008,219,470
33162769803,1009,216,449
33162782760,1010,217,478
33162795740,1011,217,452
33162808719,1012,218,469
33162821695,1013,222,456
33162834634,1014,218,476
33162847629,1015,219,452
33162860592,1016,219,468
33162873551,1017,219,455
33162886518,1018,215,473
33162899460,1019,217,452
33162912483,1020,220,469
33162925461,1021,218,452
33162938397,1022,215,464
33162951335,1023,220,456
33162964256,1024,215,470
33162977206,1025,215,451
33162990554,1026,253,531
33163003748,1027,220,456
33163016805,1028,221,475
33163029851,1029,216,456
33163042947,1030,228,472
33163056414,1031,231,462
33163069563,1032,222,471
33163082697,1033,222,482
33163096266,1034,232,490
33163110946,1035,243,461
33163124264,1036,221,475
33163137450,1037,218,455
33163150499,1038,219,474
33163163775,1039,226,464
33163177120,1040,220,475
33163190305,1041,221,453
33163203346,1042,215,467
33163216387,1043,217,456
33163229431,1044,216,467
33163242465,1045,222,451
33163255619,1046,217,469
33163268693,1047,217,454
33163281677,1048,216,467
33163294647,1049,213,463
33163307635,1050,221,470
33163320602,1051,219,452
33163333547,1052,216,467
33163346512,1053,218,465
33163359489,1054,219,470
33163372618,1055,221,457
33163385710,1056,211,466
33163398690,1057,217,465
33163411908,1058,222,474
33163425188,1059,219,458
33163438388,1060,217,468
33163451486,1061,217,457
33163464551,1062,217,470
33163477620,1063,218,452
33163490660,1064,217,485
33163503950,1065,218,454
33163517102,1066,216,469
33163530181,1067,215,451
33163543196,1068,217,468
33163556184,1069,220,454
33163569268,1070,220,464
33163582309,1071,218,447
33163595291,1072,216,470
33163608295,1073,219,454
33163621326,1074,216,471
33163634389,1075,215,452
33163647435,1076,218,469
33163660493,1077,218,455
33163673616,1078,219,472
33163686877,1079,221,466
33163700017,1080,216,471
33163713110,1081,216,452
33163726385,1082,222,465
33163739572,1083,218,456
33163752736,1084,219,466
33163765862,1085,219,451
33163779004,1086,227,469
33163792090,1087,220,455
33163805156,1088,218,472
33163818212,1089,217,450
33163831298,1090,219,466
33163844356,1091,220,450
33163857397,1092,219,465
33163870469,1093,216,452
33163883501,1094,219,472
33163896563,1095,220,452
33163909708,1096,222,471
33163922959,1097,227,458
33163936118,1098,220,469
33163949195,1099,217,456
33163962261,1100,213,468
33163975310,1101,221,453
33163988751,1102,285,580
33164002318,1103,220,455
33164015559,1104,219,469
33164028711,1105,218,454
33164041742,1106,219,465
33164054890,1107,222,469
33164068036,1108,221,473
33164081114,1109,223,461
33164094175,1110,216,471
33164108024,1111,243,491
33164122334,1112,226,487
33164136632,1113,229,473
33164150921,1114,235,484
33164165222,1115,231,470
33164179531,1116,227,489
33164193767,1117,226,471
33164207857,1118,225,484
33164221806,1119,226,460
33164235606,1120,221,482
33164249134,1121,222,456
33164262608,1122,233,501
33164275760,1123,223,452
33164288727,1124,216,464
33164301786,1125,239,478
33164314831,1126,217,472
33164327803,1127,218,451
33164340812,1128,217,462
33164353902,1129,217,452
33164366957,1130,228,463
33164380048,1131,221,456
33164393142,1132,221,465
33164406196,1133,219,448
33164419263,1134,218,465
33164432248,1135,217,448
33164445269,1136,218,471
33164458290,1137,219,448
33164471310,1138,218,468
33164484343,1139,222,458
33164497542,1140,218,468
33164510663,1141,215,459
33164523907,1142,217,466
33164537109,1143,219,455
33164550324,1144,216,473
33164563719,1145,221,461
33164577084,1146,219,474
33164590337,1147,218,456
33164603461,1148,218,472
33164616614,1149,222,455
33164629723,1150,219,470
33164642885,1151,219,464
33164655947,1152,219,472
33164669004,1153,219,453
33164682034,1154,216,467
33164695032,1155,228,452
33164708057,1156,218,466
33164721123,1157,218,453
33164734143,1158,217,465
33164747184,1159,220,452
33164760246,1160,214,467
33164773284,1161,219,456
33164786307,1162,215,471
33164799338,1163,217,452
33164812346,1164,220,473
33164825382,1165,219,457
33164838411,1166,220,468
33164851459,1167,218,455
33164864485,1168,216,468
33164877522,1169,219,454
33164890559,1170,221,478
33164903620,1171,222,452
33164916734,1172,220,465
33164929857,1173,214,454
33164942889,1174,228,470
33164955952,1175,223,454
33164968955,1176,217,467
33164981982,1177,221,451
33164995605,1178,221,482
33165009385,1179,225,460
33165023044,1180,234,476
33165036593,1181,221,459
33165050084,1182,223,481
33165063359,1183,221,457
33165076452,1184,222,473
33165089519,1185,217,457
33165102994,1186,244,498
33165117322,1187,226,472
33165131651,1188,228,488
33165145954,1189,230,473
33165160307,1190,230,490
33165174532,1191,228,497
33165188637,1192,225,486
33165202581,1193,224,478
33165216343,1194,222,484
33165229899,1195,218,456
33165243191,1196,219,466
33165256277,1197,219,451
33165269239,1198,221,466
33165282204,1199,217,450
33165295192,1200,217,470
33165308309,1201,220,459
33165321372,1202,217,465
33165334420,1203,219,463
33165347419,1204,221,466
33165360491,1205,219,452
33165373528,1206,218,468
33165386584,1207,218,461
33165399773,1208,217,472
33165413111,1209,221,458
33165426469,1210,217,484
33165439691,1211,219,455
33165452782,1212,215,468
33165465841,1213,219,452
33165479054,1214,232,476
33165492518,1215,222,456
33165505794,1216,218,468
33165519376,1217,226,467
33165532440,1218,218,465
33165545470,1219,222,460
33165558783,1220,218,484
33165571971,1221,221,458
33165585037,1222,218,468
33165598321,1223,218,455
33165611563,1224,219,473
33165624696,1225,220,454
33165637715,1226,217,470
33165650695,1227,218,464
33165663660,1228,216,462
33165676652,1229,218,453
33165689706,1230,220,465
33165702754,1231,218,463
33165715755,1232,216,467
33165728800,1233,217,453
33165742054,1234,218,464
33165755246,1235,221,452
33165768279,1236,217,473
33165781288,1237,226,461
33165794272,1238,216,464
33165807261,1239,218,453
33165820312,1240,218,469
33165833371,1241,221,452
33165846404,1242,217,477
33165859526,1243,221,458
33165872838,1244,222,467
33165886050,1245,219,450
33165899069,1246,230,470
33165912305,1247,219,465
33165925631,1248,223,474
33165938850,1249,219,469
33165951967,1250,215,472
33165964954,1251,217,450
33165977960,1252,220,465
33165991473,1253,245,491
33166005763,1254,227,484
33166020075,1255,230,473
33166034380,1256,230,492
33166048712,1257,231,476
33166062990,1258,240,485
33166077170,1259,232,471
33166091233,1260,226,487
33166106286,1261,260,556
33166119964,1262,222,476
33166133239,1263,219,452
33166146259,1264,217,464
33166159311,1265,220,457
33166172507,1266,219,470
33166185579,1267,220,455
33166198525,1268,218,469
33166211483,1269,220,450
33166224462,1270,219,472
33166237459,1271,218,453
33166250433,1272,213,488
33166263500,1273,219,456
33166276551,1274,218,470
33166289561,1275,216,452
33166302528,1276,215,492
33166315547,1277,215,450
33166328516,1278,215,469
33166341585,1279,222,452
33166354657,1280,220,476
33166367782,1281,218,457
33166380947,1282,219,472
33166394096,1283,219,455
33166407240,1284,220,479
33166420663,1285,220,457
33166433984,1286,216,475
33166447199,1287,218,450
33166460273,1288,218,465
33166473386,1289,216,453
33166486628,1290,219,479
33166500053,1291,229,457
33166513282,1292,219,468
33166526401,1293,218,476
33166539466,1294,220,473
33166552579,1295,217,452
33166565794,1296,217,470
33166579963,1297,227,473
33166594364,1298,226,496
33166608770,1299,230,470
33166623211,1300,229,491
33166637617,1301,225,472
33166651893,1302,228,483
33166666058,1303,223,467
33166680044,1304,223,477
33166693809,1305,224,460
33166707344,1306,220,468
33166720546,1307,222,451
33166733530,1308,218,470
33166746488,1309,217,459
33166759488,1310,221,469
33166772617,1311,218,451
33166785741,1312,216,465
33166799004,1313,234,459
33166812421,1314,222,470
33166825700,1315,218,455
33166838862,1316,224,465
33166851958,1317,220,453
33166864999,1318,218,467
33166878050,1319,218,448
33166891230,1320,219,469
33166904408,1321,223,456
33166917647,1322,220,470
33166930815,1323,217,463
33166943880,1324,219,470
33166956955,1325,221,458
33166969999,1326,215,468
33166983065,1327,217,455
33166996889,1328,224,484
33167011028,1329,236,472
33167025193,1330,225,479
33167039336,1331,227,466
33167053440,1332,231,491
33167067432,1333,223,470
33167081178,1334,222,482
33167094930,1335,245,482
33167108752,1336,224,475
33167121973,1337,219,451
33167135024,1338,226,465
33167148013,1339,216,447
33167161079,1340,219,471
33167174177,1341,219,449
33167187125,1342,218,466
33167200110,1343,220,457
33167213105,1344,218,466
33167226143,1345,216,454
33167239120,1346,219,467
33167252108,1347,218,452
33167265137,1348,216,469
33167278198,1349,219,452
33167291215,1350,216,462
33167304264,1351,220,462
33167317276,1352,218,465
33167330339,1353,218,449
33167343315,1354,215,471
33167356308,1355,219,452
33167369264,1356,216,466
33167382215,1357,217,449
33167395175,1358,225,491
33167408373,1359,224,462
33167421652,1360,222,471
33167434855,1361,224,456
33167447934,1362,217,464
33167461001,1363,222,449
33167474002,1364,217,462
33167487062,1365,217,452
33167500303,1366,221,471
33167513658,1367,222,451
33167526887,1368,242,470
33167540066,1369,216,454
33167553174,1370,216,468
33167566165,1371,212,450
33167579185,1372,217,468
33167592243,1373,220,457
33167605257,1374,219,470
33167618316,1375,219,453
33167631352,1376,215,468
33167644398,1377,221,452
33167657418,1378,220,469
33167670460,1379,215,459
33167683500,1380,216,468
33167696545,1381,217,451
33167709562,1382,222,468
33167722742,1383,218,464
33167735935,1384,218,470
33167749121,1385,219,450
33167762188,1386,217,468
33167775318,1387,218,460
33167788412,1388,223,473
33167801492,1389,221,453
33167814559,1390,215,480
33167827598,1391,219,456
33167840622,1392,221,467
33167853690,1393,220,456
33167866747,1394,218,475
33167879927,1395,215,450
33167893107,1396,216,469
33167906251,1397,219,453
33167919420,1398,219,468
33167932551,1399,216,452
33167945689,1400,218,464
33167958706,1401,216,464
33167971733,1402,224,467
33167984762,1403,222,458
33167998316,1404,222,494
33168011608,1405,223,455
33168024815,1406,221,467
33168037941,1407,217,449
33168051184,1408,225,472
33168064392,1409,223,460
33168077581,1410,223,471
33168090734,1411,220,469
33168104152,1412,233,493
33168118095,1413,226,464
33168132030,1414,223,479
33168145907,1415,221,462
33168159702,1416,224,477
33168173383,1417,227,462
33168186910,1418,228,477
33168200321,1419,220,457
33168213486,1420,217,466
33168226533,1421,215,463
33168239516,1422,216,466
33168252537,1423,217,450
33168265529,1424,214,468
33168278501,1425,218,463
33168291521,1426,220,466
33168304568,1427,219,454
33168317628,1428,216,467
33168330629,1429,217,468
33168343667,1430,218,465
33168356720,1431,220,455
33168369897,1432,220,472
33168383118,1433,219,454
33168396284,1434,219,475
33168409419,1435,218,455
33168422491,1436,219,477
33168435554,1437,218,452
33168448568,1438,219,469
33168461639,1439,220,455
33168474750,1440,216,478
33168487887,1441,219,454
33168501005,1442,216,470
33168514130,1443,218,453
33168527459,1444,217,467
33168540777,1445,221,451
33168554085,1446,218,473
33168567429,1447,219,455
33168580636,1448,219,469
33168593745,1449,219,448
33168606783,1450,229,466
33168619811,1451,217,452
33168632873,1452,222,471
33168646019,1453,216,454
33168659100,1454,217,469
33168672203,1455,220,457
33168685288,1456,218,470
33168698343,1457,219,462
33168711372,1458,220,470
33168724416,1459,222,451
33168737504,1460,218,467
33168750522,1461,219,462
33168763515,1462,219,468
33168776531,1463,218,454
33168789532,1464,220,469
33168802539,1465,216,463
33168815526,1466,217,474
33168828573,1467,220,452
33168841571,1468,219,466
33168854625,1469,216,461
33168867715,1470,221,467
33168880761,1471,219,448
33168893787,1472,217,467
33168906842,1473,227,447
33168919909,1474,219,471
33168932939,1475,217,455
33168945958,1476,216,464
33168958970,1477,232,453
33168971982,1478,216,467
33168985115,1479,231,505
33168998899,1480,236,492
33169012532,1481,222,456
33169025925,1482,221,470
33169039158,1483,215,456
33169052222,1484,219,471
33169065291,1485,217,457
33169078331,1486,221,474
33169091394,1487,217,461
33169104906,1488,236,501
33169119196,1489,231,469
33169133461,1490,228,486
33169147727,1491,230,472
33169161965,1492,224,482
33169176249,1493,231,471
33169190368,1494,227,492
33169204336,1495,224,467
33169218095,1496,224,480
33169231669,1497,220,460
33169245002,1498,222,469
33169258150,1499,220,448
33169271151,1500,217,467
33169284186,1501,219,451
33169297279,1502,219,465
timestamp_us,collection,mark_time_us,sweep_time_us
1538943237187465,0,237,216
1538943237191790,1,33,17
1538943237196807,2,117,111
1538943237200535,3,15,11
1538943237205404,4,112,108
1538943237209093,5,14,10
1538943237213925,6,113,108
1538943237217596,7,13,11
1538943237222410,8,121,106
1538943237226057,9,13,10
1538943237233142,10,170,161
1538943237238229,11,22,16
1538943237244830,12,164,156
1538943237249237,13,14,10
1538943237253642,14,111,107
1538943237257045,15,13,11
1538943237261499,16,112,106
1538943237264915,17,13,11
1538943237269353,18,111,106
1538943237272772,19,13,10
1538943237277232,20,111,106
1538943237280649,21,13,10
1538943237285120,22,111,107
1538943237288552,23,13,11
1538943237293000,24,110,106
1538943237296417,25,12,11
1538943237300888,26,111,106
1538943237304332,27,13,10
1538943237308796,28,110,106
1538943237312219,29,12,11
1538943237316829,30,111,106
1538943237320364,31,13,10
1538943237324964,32,112,108
1538943237328489,33,13,11
1538943237333069,34,110,106
1538943237336584,35,13,11
1538943237341203,36,110,106
1538943237344730,37,12,11
1538943237349316,38,111,105
1538943237352826,39,12,11
1538943237357417,40,110,107
1538943237360950,41,13,10
1538943237365572,42,111,107
1538943237369120,43,12,10
1538943237373726,44,109,106
1538943237377232,45,12,11
1538943237381841,46,111,106
1538943237385365,47,12,11
1538943237389955,48,110,105
1538943237393615,49,13,10
1538943237398379,50,134,116
1538943237402333,51,16,14
1538943237407399,52,127,121
1538943237411273,53,13,12
1538943237416316,54,123,115
1538943237420174,55,14,11
1538943237425210,56,122,116
1538943237429076,57,14,11
1538943237434109,58,121,116
1538943237437973,59,14,11
1538943237443056,60,122,116
1538943237446917,61,14,11
1538943237451958,62,121,117
1538943237455835,63,14,11
1538943237460885,64,120,116
1538943237464752,65,13,12
1538943237469796,66,122,116
1538943237473649,67,14,11
1538943237478669,68,120,116
1538943237482522,69,14,11
1538943237487527,70,119,115
1538943237491361,71,14,11
1538943237496340,72,120,115
1538943237500147,73,14,11
1538943237505082,74,119,114
1538943237508871,75,13,11
1538943237513767,76,118,112
1538943237517511,77,13,11
1538943237522387,78,128,111
1538943237526097,79,14,10
1538943237530945,80,115,112
1538943237534622,81,13,11
1538943237539396,82,115,110
1538943237543037,83,12,11
1538943237547748,84,113,108
1538943237551338,85,13,11
1538943237555997,86,112,107
1538943237559552,87,12,11
1538943237564148,88,111,105
1538943237567664,89,13,10
1538943237572228,90,109,105
1538943237575711,91,12,10
1538943237580286,92,111,106
1538943237583797,93,13,10
1538943237588374,94,110,106
1538943237591878,95,13,10
1538943237596457,96,110,105
1538943237599964,97,12,10
1538943237604532,98,109,106
1538943237608348,99,14,11
1538943237613148,100,112,107
1538943237616850,101,13,11
1538943237621680,102,111,107
1538943237625362,103,13,11
1538943237630150,104,110,106
1538943237633816,105,12,11
1538943237638595,106,109,106
1538943237642219,107,12,11
1538943237646983,108,110,104
1538943237650625,109,12,11
1538943237655385,110,110,106
1538943237659023,111,13,10
1538943237663799,112,110,107
1538943237667439,113,13,10
1538943237672224,114,110,107
1538943237675885,115,12,11
1538943237680664,116,110,105
1538943237684306,117,12,10
1538943237689066,118,110,106
1538943237692716,119,13,10
1538943237697513,120,111,106
1538943237701318,121,31,19
1538943237706360,122,185,139
1538943237710282,123,20,13
1538943237715351,124,126,117
1538943237719178,125,14,12
1538943237724210,126,115,109
1538943237728063,127,14,10
1538943237733025,128,113,108
1538943237736854,129,13,11
1538943237741831,130,114,107
1538943237745644,131,13,11
1538943237750610,132,115,108
1538943237754307,133,13,11
1538943237759151,134,111,106
1538943237762840,135,13,10
1538943237767631,136,111,105
1538943237771290,137,13,10
1538943237776066,138,110,106
1538943237779694,139,13,10
1538943237784455,140,110,105
1538943237788093,141,13,10
1538943237792880,142,112,107
1538943237796544,143,12,11
1538943237801244,144,110,105
1538943237804778,145,13,10
1538943237809415,146,112,105
1538943237812975,147,12,11
1538943237817614,148,111,106
1538943237821176,149,13,10
1538943237825951,150,110,105
1538943237829594,151,13,10
1538943237834386,152,123,107
1538943237838047,153,13,10
1538943237842849,154,112,106
1538943237846491,155,24,11
1538943237851270,156,110,105
1538943237854913,157,13,10
1538943237859696,158,110,106
1538943237863362,159,13,10
1538943237868163,160,121,117
1538943237871925,161,13,11
1538943237876708,162,112,107
1538943237880377,163,12,11
1538943237885159,164,112,105
1538943237888827,165,12,11
1538943237893611,166,111,106
1538943237897275,167,12,11
1538943237902069,168,114,116
1538943237905837,169,18,12
1538943237910470,170,134,107
1538943237914035,171,14,10
1538943237918689,172,112,108
1538943237922228,173,13,10
1538943237926837,174,111,106
1538943237930353,175,12,11
1538943237934974,176,112,106
1538943237938491,177,31,11
1538943237943096,178,110,106
1538943237946730,179,13,10
1538943237951388,180,113,108
1538943237954981,181,13,10
1538943237959677,182,112,109
1538943237963249,183,12,11
1538943237967905,184,113,107
1538943237971463,185,12,11
1538943237976090,186,111,107
1538943237979631,187,13,11
1538943237984240,188,111,105
1538943237987770,189,12,11
1538943237992379,190,111,106
1538943237995905,191,13,10
1538943238000480,192,115,109
1538943238004172,193,14,11
1538943238008896,194,121,114
1538943238012643,195,15,12
1538943238017556,196,123,115
1538943238021320,197,15,12
1538943238026190,198,118,114
1538943238029990,199,15,13
1538943238034948,200,120,113
1538943238038692,201,13,11
1538943238043564,202,117,112
1538943238047283,203,13,11
1538943238052122,204,116,111
1538943238055821,205,13,10
1538943238060635,206,115,111
1538943238064310,207,13,10
1538943238069092,208,115,110
1538943238072741,209,13,11
1538943238077494,210,114,109
1538943238081114,211,13,11
1538943238085822,212,113,109
1538943238089418,213,13,11
1538943238094072,214,112,107
1538943238097627,215,12,11
1538943238102252,216,110,106
1538943238105879,217,13,11
1538943238110669,218,109,106
1538943238114293,219,12,11
1538943238119065,220,110,106
1538943238122708,221,14,10
1538943238127469,222,111,107
1538943238131116,223,13,10
1538943238135884,224,109,106
1538943238139544,225,13,10
1538943238144352,226,110,106
1538943238148005,227,12,11
1538943238152764,228,110,106
1538943238156407,229,13,11
1538943238161215,230,110,106
1538943238164873,231,13,10
1538943238169663,232,112,106
1538943238173303,233,12,10
1538943238178058,234,110,106
1538943238181725,235,12,11
1538943238186519,236,110,106
1538943238190164,237,13,11
1538943238194984,238,113,106
1538943238198637,239,12,10
1538943238203406,240,111,105
1538943238207064,241,13,10
1538943238211873,242,112,106
1538943238215537,243,13,10
1538943238220325,244,111,106
1538943238224111,245,13,12
1538943238228911,246,114,110
1538943238232730,247,13,11
1538943238237727,248,114,111
1538943238241550,249,12,12
1538943238246575,250,116,110
1538943238250384,251,14,10
1538943238255389,252,115,111
1538943238259204,253,13,11
1538943238264172,254,115,108
1538943238267953,255,13,11
1538943238272870,256,114,109
1538943238276618,257,13,11
1538943238281483,258,113,109
1538943238285212,259,13,11
1538943238290082,260,111,107
1538943238293774,261,13,11
1538943238298619,262,112,106
1538943238302281,263,12,11
1538943238307092,264,110,106
1538943238310731,265,12,11
1538943238315502,266,110,105
1538943238319140,267,13,10
1538943238323898,268,110,105
1538943238327545,269,12,11
1538943238332337,270,110,106
1538943238335999,271,12,11
1538943238340753,272,112,106
1538943238344393,273,12,10
1538943238349174,274,111,106
1538943238352834,275,13,11
1538943238357614,276,111,106
1538943238361283,277,13,11
1538943238366057,278,110,105
1538943238369692,279,12,11
1538943238374482,280,122,106
1538943238378140,281,13,10
1538943238382949,282,110,107
1538943238386624,283,13,10
1538943238391409,284,109,105
1538943238395065,285,13,10
1538943238399851,286,111,106
1538943238403674,287,16,14
1538943238408613,288,115,109
1538943238412297,289,13,10
1538943238416910,290,111,106
1538943238420389,291,13,10
1538943238425059,292,113,107
1538943238428521,293,12,11
1538943238433039,294,111,107
1538943238436504,295,13,10
1538943238440994,296,112,106
1538943238444427,297,13,10
1538943238448892,298,110,106
1538943238452327,299,12,11
1538943238456937,300,111,106
1538943238460356,301,13,10
1538943238464827,302,110,108
1538943238468261,303,13,10
1538943238472738,304,111,106
1538943238476169,305,12,11
1538943238480641,306,111,106
1538943238484081,307,12,11
1538943238488853,308,111,106
1538943238492408,309,12,11
1538943238496899,310,111,105
1538943238500330,311,13,10
1538943238504802,312,112,107
1538943238508235,313,12,11
1538943238512847,314,116,108
1538943238516300,315,13,11
1538943238520765,316,110,107
1538943238524206,317,13,10
1538943238528700,318,111,105
1538943238532139,319,13,10
1538943238536755,320,112,106
1538943238540282,321,12,11
1538943238544888,322,111,107
1538943238548418,323,12,11
1538943238553013,324,110,106
1538943238556530,325,12,11
1538943238561128,326,110,106
1538943238564655,327,13,11
1538943238569265,328,110,106
1538943238572795,329,13,10
1538943238577404,330,110,106
1538943238580936,331,13,10
1538943238585520,332,113,106
1538943238589142,333,12,11
1538943238593924,334,112,106
1538943238597584,335,13,10
1538943238602373,336,111,117
1538943238606031,337,13,11
1538943238610837,338,110,105
1538943238614467,339,13,10
1538943238619094,340,111,106
1538943238622621,341,13,10
1538943238627234,342,113,107
1538943238630773,343,13,10
1538943238635380,344,112,106
1538943238638901,345,13,10
1538943238643505,346,111,106
1538943238647030,347,13,10
1538943238651627,348,112,105
1538943238655160,349,12,11
1538943238659769,350,109,106
1538943238663295,351,12,10
1538943238667905,352,111,106
1538943238671413,353,13,11
1538943238676014,354,112,106
1538943238679547,355,13,10
1538943238684150,356,111,106
1538943238687680,357,12,10
1538943238692285,358,110,106
1538943238695812,359,13,10
1538943238700544,360,129,123
1538943238704157,361,14,11
1538943238708833,362,113,109
1538943238712430,363,13,11
1538943238717115,364,114,108
1538943238720729,365,13,10
1538943238725402,366,112,107
1538943238728985,367,13,10
1538943238733639,368,113,108
1538943238737189,369,12,11
1538943238741851,370,112,105
1538943238745380,371,13,11
1538943238749989,372,112,107
1538943238753508,373,12,11
1538943238758063,374,109,106
1538943238761669,375,12,11
1538943238766434,376,121,105
1538943238770070,377,13,10
1538943238774856,378,110,106
1538943238778481,379,13,22
1538943238783255,380,111,105
1538943238786898,381,12,11
1538943238791652,382,113,106
1538943238795294,383,13,10
1538943238800061,384,110,105
1538943238803700,385,13,10
1538943238808458,386,110,105
1538943238812103,387,12,10
1538943238816858,388,110,106
1538943238820503,389,12,11
1538943238825286,390,112,104
1538943238828923,391,13,10
1538943238833683,392,111,106
1538943238837318,393,12,10
1538943238842069,394,110,105
1538943238845712,395,12,11
1538943238850466,396,121,105
1538943238854104,397,12,11
1538943238858879,398,109,106
1538943238862522,399,12,11
1538943238867293,400,110,106
1538943238870958,401,12,11
1538943238875743,402,110,107
1538943238879395,403,12,11
1538943238884310,404,110,106
1538943238887977,405,12,11
1538943238892797,406,112,106
1538943238896473,407,13,10
1538943238901262,408,111,105
1538943238905064,409,17,14
1538943238909577,410,115,109
1538943238913025,411,13,10
1538943238917482,412,111,106
1538943238920979,413,13,10
1538943238925599,414,109,106
1538943238929135,415,13,10
1538943238933751,416,110,105
1538943238937286,417,12,10
1538943238941900,418,109,106
1538943238945626,419,14,10
1538943238950278,420,112,124
1538943238953844,421,13,10
1538943238958485,422,123,107
1538943238962045,423,13,10
1538943238966679,424,111,105
1538943238970201,425,13,10
1538943238974829,426,109,106
1538943238978352,427,12,11
1538943238982981,428,111,106
1538943238986527,429,12,11
1538943238991305,430,111,106
1538943238994962,431,13,10
1538943238999734,432,111,106
1538943239003516,433,13,10
1538943239008346,434,118,110
1538943239012149,435,13,11
1538943239017122,436,115,110
1538943239020911,437,13,11
1538943239025844,438,115,110
1538943239029670,439,14,13
1538943239034799,440,114,109
1538943239038568,441,13,11
1538943239043500,442,114,110
1538943239047261,443,12,11
1538943239052162,444,112,108
1538943239055897,445,13,10
1538943239060764,446,111,107
1538943239064474,447,13,11
1538943239069306,448,112,106
1538943239072988,449,13,10
1538943239077802,450,111,106
1538943239081462,451,13,10
1538943239086250,452,112,106
1538943239089900,453,13,10
1538943239094688,454,110,106
1538943239098333,455,13,10
1538943239103151,456,110,106
1538943239106817,457,13,10
1538943239111605,458,109,106
1538943239115242,459,13,10
1538943239119859,460,110,106
1538943239123384,461,13,11
1538943239127994,462,112,107
1538943239131528,463,13,10
1538943239136112,464,111,106
1538943239139639,465,13,10
1538943239144240,466,112,106
1538943239147766,467,13,10
1538943239152370,468,111,106
1538943239155903,469,12,11
1538943239160513,470,111,106
1538943239164020,471,12,11
1538943239168621,472,111,106
1538943239172149,473,13,10
1538943239176751,474,111,105
1538943239180276,475,13,10
1538943239184873,476,112,106
1538943239188405,477,13,10
1538943239193007,478,110,106
1538943239196525,479,13,11
1538943239201119,480,111,106
1538943239204647,481,13,10
1538943239209257,482,111,107
1538943239212788,483,13,10
1538943239217416,484,112,107
1538943239221006,485,13,11
1538943239225691,486,116,107
1538943239229276,487,13,11
1538943239233949,488,112,107
1538943239237530,489,13,11
1538943239242167,490,112,106
1538943239245722,491,13,10
1538943239250335,492,111,124
1538943239253870,493,12,11
1538943239258468,494,122,106
1538943239261996,495,13,11
1538943239266610,496,110,106
1538943239270102,497,13,10
1538943239274704,498,111,106
1538943239278218,499,12,11
1538943239282845,500,111,105
1538943239286362,501,13,10
1538943239290992,502,110,106
1538943239294524,503,13,11
1538943239299309,504,111,106
1538943239302969,505,13,10
1538943239307886,506,112,105
1538943239311547,507,12,11
1538943239316358,508,112,106
1538943239320028,509,12,11
1538943239324819,510,112,105
1538943239328477,511,12,11
1538943239333268,512,113,106
1538943239336930,513,12,11
1538943239341717,514,109,106
1538943239345353,515,13,10
1538943239350137,516,111,106
1538943239353802,517,12,11
1538943239358597,518,111,106
1538943239362246,519,12,11
1538943239367057,520,110,105
1538943239370707,521,13,10
1538943239375556,522,122,118
1538943239379288,523,13,11
1538943239384325,524,119,113
1538943239388264,525,14,11
1538943239393432,526,120,114
1538943239397383,527,13,12
1538943239402565,528,122,115
1538943239406562,529,16,15
1538943239411538,530,122,117
1538943239415327,531,14,11
1538943239420267,532,120,114
1538943239424053,533,13,12
1538943239428980,534,118,113
1538943239432751,535,14,11
1538943239437654,536,119,113
1538943239441410,537,13,11
1538943239446276,538,116,130
1538943239450111,539,13,11
1538943239455162,540,116,112
1538943239459001,541,13,11
1538943239463994,542,116,111
1538943239467803,543,13,11
1538943239472747,544,114,109
1538943239476514,545,14,10
1538943239481412,546,113,108
1538943239485155,547,13,10
1538943239490019,548,112,107
1538943239493723,549,12,11
1538943239498552,550,112,106
1538943239502187,551,12,10
1538943239506973,552,111,106
1538943239510625,553,12,11
1538943239515400,554,110,106
1538943239519029,555,12,10
1538943239523781,556,109,106
1538943239527426,557,13,11
1538943239532201,558,110,107
1538943239535866,559,13,10
1538943239540652,560,109,105
1538943239544295,561,13,10
1538943239549064,562,113,106
1538943239552726,563,12,11
1538943239557519,564,110,105
1538943239561155,565,12,11
1538943239565926,566,110,106
1538943239569584,567,13,10
1538943239574377,568,109,117
1538943239578028,569,13,10
1538943239582808,570,111,105
1538943239586451,571,12,10
1538943239591247,572,111,107
1538943239594916,573,12,10
1538943239599693,574,109,105
1538943239603338,575,12,11
1538943239608125,576,110,105
1538943239611784,577,13,10
1538943239616583,578,111,106
1538943239620240,579,12,11
1538943239625028,580,111,105
1538943239628694,581,13,10
1538943239633478,582,111,108
1538943239637148,583,13,10
1538943239641931,584,110,106
1538943239645586,585,12,10
1538943239650355,586,110,118
1538943239654015,587,12,11
1538943239658817,588,110,106
1538943239662466,589,13,11
1538943239667273,590,110,106
1538943239670930,591,12,10
1538943239675690,592,111,108
1538943239679363,593,13,10
1538943239684165,594,111,106
1538943239687832,595,12,11
1538943239692616,596,112,105
1538943239696277,597,13,10
1538943239701207,598,114,107
1538943239704958,599,13,11
1538943239709610,600,115,108
1538943239713237,601,14,10
1538943239717944,602,114,110
1538943239721542,603,13,10
1538943239726241,604,114,108
1538943239729869,605,13,12
1538943239734626,606,112,106
1538943239738185,607,12,11
1538943239742823,608,111,107
1538943239746361,609,12,11
1538943239750994,610,110,106
1538943239754525,611,12,11
1538943239759106,612,112,107
1538943239762633,613,13,10
1538943239767225,614,110,105
1538943239770731,615,12,10
1538943239775313,616,110,105
1538943239778816,617,13,10
1538943239783395,618,111,105
1538943239786903,619,12,10
1538943239791505,620,110,105
1538943239795011,621,12,11
1538943239799584,622,112,106
1538943239803103,623,12,11
1538943239807675,624,110,105
1538943239811180,625,13,11
1538943239815759,626,110,105
1538943239819256,627,13,11
1538943239823807,628,110,105
1538943239827318,629,12,11
1538943239831895,630,110,105
1538943239835407,631,13,10
1538943239840005,632,113,107
1538943239843544,633,12,11
1538943239848125,634,109,106
1538943239851628,635,12,10
1538943239856206,636,109,106
1538943239859710,637,13,10
1538943239864289,638,110,106
1538943239867918,639,12,11
1538943239872655,640,112,106
1538943239876190,641,12,11
1538943239880789,642,111,107
1538943239884408,643,13,11
1538943239889192,644,111,106
1538943239892849,645,12,11
1538943239897611,646,110,106
1538943239901248,647,13,10
1538943239906147,648,130,123
1538943239909758,649,13,11
1538943239914380,650,113,118
1538943239917926,651,13,10
1538943239922573,652,113,107
1538943239926092,653,13,10
1538943239930713,654,109,106
1538943239934219,655,13,10
1538943239938822,656,110,105
1538943239942313,657,13,10
1538943239947066,658,112,107
1538943239950602,659,13,10
1538943239955280,660,112,108
1538943239958855,661,13,11
1538943239963518,662,113,108
1538943239967079,663,12,11
1538943239971722,664,111,106
1538943239975253,665,12,11
1538943239979862,666,110,106
1538943239983380,667,13,10
1538943239987961,668,108,106
1538943239991469,669,12,10
1538943239996061,670,110,105
1538943239999572,671,13,10
1538943240004299,672,114,108
1538943240007894,673,14,12
1538943240012798,674,125,119
1538943240016528,675,13,12
1538943240021334,676,117,111
1538943240025010,677,14,11
1538943240029804,678,124,118
1538943240033604,679,15,16
1538943240038484,680,132,111
1538943240042142,681,13,10
1538943240046916,682,115,110
1538943240050554,683,13,10
1538943240055271,684,114,108
1538943240058888,685,13,10
1538943240063572,686,113,108
1538943240067153,687,12,11
1538943240071813,688,111,106
1538943240075359,689,12,11
1538943240079990,690,111,106
1538943240083528,691,13,10
1538943240088143,692,111,107
1538943240091661,693,12,11
1538943240096238,694,113,106
1538943240099768,695,13,10
1538943240104381,696,111,106
1538943240107906,697,12,11
1538943240112477,698,109,106
1538943240116007,699,12,11
1538943240120616,700,111,106
1538943240124143,701,13,10
1538943240128757,702,112,107
1538943240132277,703,12,11
1538943240136867,704,111,106
1538943240140396,705,13,10
1538943240145002,706,112,105
1538943240148530,707,13,10
1538943240153121,708,110,105
1538943240156767,709,12,11
1538943240161384,710,112,109
1538943240164939,711,13,10
1538943240169562,712,113,108
1538943240173190,713,13,10
1538943240177974,714,111,106
1538943240181640,715,12,11
1538943240186422,716,122,106
1538943240190079,717,13,10
1538943240194867,718,111,105
1538943240198516,719,13,11
1538943240203305,720,111,106
1538943240206963,721,12,10
1538943240211766,722,112,109
1538943240215485,723,13,11
1538943240220310,724,113,107
1538943240223939,725,12,11
1538943240228642,726,114,107
1538943240232251,727,13,10
1538943240236930,728,110,107
1538943240240513,729,13,10
1538943240245178,730,110,106
1538943240248732,731,13,10
1538943240253379,732,111,106
1538943240256937,733,13,10
1538943240261572,734,109,106
1538943240265109,735,13,10
1538943240269747,736,110,106
1538943240273307,737,13,10
1538943240277942,738,111,105
1538943240281496,739,12,11
1538943240286150,740,111,105
1538943240289689,741,13,10
1538943240294321,742,112,124
1538943240297894,743,13,10
1538943240302567,744,111,106
1538943240306215,745,13,10
1538943240311017,746,110,106
1538943240314672,747,13,10
1538943240319449,748,111,106
1538943240323110,749,12,11
1538943240327750,750,110,106
1538943240331283,751,13,10
1538943240335885,752,112,106
1538943240339511,753,12,11
1538943240344311,754,111,105
1538943240347972,755,12,11
1538943240352739,756,110,105
1538943240356402,757,12,11
1538943240361185,758,111,106
1538943240364853,759,12,11
1538943240369645,760,111,105
1538943240373312,761,13,10
1538943240378095,762,112,107
1538943240381769,763,12,11
1538943240386566,764,111,106
1538943240390226,765,12,11
1538943240395045,766,110,106
1538943240398702,767,13,10
1538943240403469,768,110,106
1538943240407323,769,16,13
1538943240411959,770,116,110
1538943240415505,771,13,10
1538943240420106,772,111,107
1538943240423756,773,12,12
1538943240428376,774,111,107
1538943240431935,775,13,10
1538943240436591,776,111,107
1538943240440139,777,13,11
1538943240444748,778,111,106
1538943240448275,779,13,10
1538943240452890,780,110,106
1538943240456414,781,13,10
1538943240461013,782,111,106
1538943240464548,783,12,11
1538943240469129,784,111,104
1538943240472665,785,12,11
1538943240477287,786,111,106
1538943240480812,787,12,11
1538943240485456,788,121,116
1538943240489055,789,13,10
1538943240493675,790,112,106
1538943240497219,791,12,11
1538943240501817,792,111,107
1538943240505438,793,12,11
1538943240510221,794,111,106
1538943240513888,795,12,11
1538943240518704,796,110,106
1538943240522351,797,12,11
1538943240527143,798,110,105
1538943240530791,799,12,11
1538943240535581,800,110,107
1538943240539258,801,13,10
1538943240544060,802,111,107
1538943240547736,803,12,11
1538943240552542,804,111,106
1538943240556200,805,13,11
1538943240560969,806,112,106
1538943240564635,807,12,11
1538943240569427,808,111,106
1538943240573091,809,13,10
1538943240577886,810,111,106
1538943240581691,811,13,10
1538943240586477,812,122,107
1538943240590139,813,13,10
1538943240594958,814,110,107
1538943240598620,815,13,10
1538943240603409,816,111,106
1538943240607068,817,12,11
1538943240611851,818,111,106
1538943240615518,819,13,10
1538943240620294,820,109,105
1538943240623946,821,13,11
1538943240628738,822,111,107
1538943240632398,823,13,10
1538943240637188,824,111,105
1538943240640848,825,13,10
1538943240645709,826,111,107
1538943240649377,827,13,11
1538943240654163,828,111,106
1538943240657830,829,13,10
1538943240662631,830,110,106
1538943240666277,831,13,10
1538943240671077,832,110,108
1538943240674736,833,12,11
1538943240679528,834,111,106
1538943240683168,835,12,11
1538943240687949,836,111,106
1538943240691618,837,12,11
1538943240696400,838,110,106
1538943240700162,839,21,17
1538943240705172,840,165,142
1538943240709116,841,15,11
1538943240714294,842,121,128
1538943240718269,843,12,12
1538943240723456,844,119,115
1538943240727409,845,14,11
1538943240732584,846,119,114
1538943240736534,847,14,11
1538943240741712,848,119,114
1538943240745664,849,13,11
1538943240750873,850,119,113
1538943240754804,851,14,11
1538943240759936,852,119,114
1538943240763883,853,13,12
1538943240769000,854,118,113
1538943240772908,855,13,11
1538943240777986,856,116,112
1538943240781861,857,12,12
1538943240786907,858,116,111
1538943240790751,859,13,12
1538943240795758,860,118,110
1538943240799559,861,13,11
1538943240804520,862,114,110
1538943240808295,863,13,11
1538943240813217,864,114,108
1538943240816961,865,13,11
1538943240821821,866,113,107
1538943240825510,867,12,11
1538943240830304,868,110,124
1538943240833964,869,12,10
1538943240838739,870,112,105
1538943240842365,871,14,10
1538943240847136,872,109,106
1538943240850766,873,12,11
1538943240855534,874,110,106
1538943240859177,875,13,10
1538943240863953,876,110,105
1538943240867612,877,12,11
1538943240872400,878,111,106
1538943240876043,879,13,10
1538943240880813,880,112,106
1538943240884479,881,13,10
1538943240889276,882,112,106
1538943240892945,883,12,11
1538943240897716,884,110,105
1538943240901357,885,13,11
1538943240906156,886,124,126
1538943240910042,887,20,12
1538943240914855,888,112,107
1538943240918536,889,13,11
1538943240923176,890,110,107
1538943240926700,891,13,10
1538943240931297,892,111,107
1538943240934918,893,12,10
1538943240939701,894,110,105
1538943240943341,895,12,10
1538943240948220,896,111,107
1538943240951893,897,13,11
1538943240956714,898,111,108
1538943240960399,899,12,11
1538943240965039,900,110,106
1538943240968569,901,12,10
1538943240973165,902,111,108
1538943240976698,903,12,11
1538943240981308,904,110,104
1538943240984822,905,12,11
1538943240989434,906,110,106
1538943240992967,907,13,11
1538943240997568,908,111,106
1538943241001109,909,15,11
1538943241005975,910,114,107
1538943241009552,911,13,10
1538943241014237,912,114,110
1538943241017930,913,13,12
1538943241022830,914,112,107
1538943241026536,915,13,11
1538943241031523,916,123,118
1538943241035388,917,13,11
1538943241040387,918,116,111
1538943241044233,919,13,12
1538943241049282,920,117,111
1538943241053128,921,13,11
1538943241058149,922,116,111
1538943241061975,923,13,11
1538943241066991,924,114,111
1538943241070789,925,13,11
1538943241075756,926,114,109
1538943241079531,927,13,11
1538943241084454,928,112,109
1538943241088211,929,13,11
1538943241093101,930,112,108
1538943241096834,931,13,10
1538943241101677,932,113,109
1538943241105368,933,13,11
1538943241110178,934,110,107
1538943241113837,935,13,10
1538943241118631,936,110,106
1538943241122259,937,13,11
1538943241127027,938,112,106
1538943241130696,939,12,10
1538943241135486,940,110,106
1538943241139140,941,13,9
1538943241143900,942,112,107
1538943241147562,943,12,11
1538943241152352,944,111,107
1538943241156014,945,13,10
1538943241160777,946,111,106
1538943241164429,947,13,10
1538943241169211,948,111,105
1538943241172869,949,13,11
1538943241177666,950,110,106
1538943241181327,951,13,10
1538943241186090,952,110,106
1538943241189749,953,13,10
1538943241194554,954,110,106
1538943241198201,955,12,11
1538943241203012,956,109,106
1538943241206659,957,13,11
1538943241211461,958,110,106
1538943241215128,959,12,10
1538943241219920,960,113,106
1538943241223581,961,13,10
1538943241228372,962,112,106
1538943241232019,963,13,10
1538943241236799,964,111,106
1538943241240467,965,12,11
1538943241245250,966,110,106
1538943241248908,967,13,10
1538943241253699,968,111,106
1538943241257349,969,13,11
1538943241262136,970,110,106
1538943241265797,971,13,9
1538943241270602,972,110,107
1538943241274251,973,13,10
1538943241279055,974,110,106
1538943241282714,975,12,11
1538943241287499,976,110,105
1538943241291139,977,13,10
1538943241295929,978,111,106
1538943241299588,979,12,11
1538943241304378,980,112,106
1538943241308043,981,13,9
1538943241312828,982,112,106
1538943241316506,983,12,10
1538943241321288,984,110,106
1538943241324949,985,13,10
1538943241329739,986,110,106
1538943241333397,987,13,10
1538943241338183,988,110,106
1538943241341848,989,13,11
1538943241346657,990,111,106
1538943241350302,991,12,10
1538943241355092,992,110,107
1538943241358762,993,12,11
1538943241363545,994,110,107
1538943241367212,995,13,10
1538943241371998,996,110,105
1538943241375665,997,13,10
1538943241380448,998,112,106
1538943241384110,999,12,11
1538943241388908,1000,113,106
1538943241392680,1001,13,10
1538943241397608,1002,123,117
1538943241401630,1003,14,11
1538943241406945,1004,127,133
1538943241410992,1005,16,13
1538943241416226,1006,122,116
1538943241420238,1007,14,12
1538943241425474,1008,121,116
1538943241429477,1009,16,12
1538943241434546,1010,122,115
1538943241438398,1011,14,11
1538943241443473,1012,122,117
1538943241447343,1013,13,12
1538943241452379,1014,121,117
1538943241456249,1015,14,11
1538943241461290,1016,120,115
1538943241465157,1017,13,12
1538943241470195,1018,121,116
1538943241474056,1019,14,12
1538943241479122,1020,121,116
1538943241482990,1021,14,11
1538943241488027,1022,123,116
1538943241491900,1023,14,11
1538943241496938,1024,120,116
1538943241500800,1025,13,12
1538943241505841,1026,126,117
1538943241509699,1027,14,11
1538943241514738,1028,122,116
1538943241518586,1029,14,11
1538943241523594,1030,120,115
1538943241527438,1031,14,11
1538943241532442,1032,120,115
1538943241536268,1033,13,11
1538943241541265,1034,119,114
1538943241545057,1035,13,11
1538943241549995,1036,117,113
1538943241553755,1037,13,11
1538943241558665,1038,115,112
1538943241562390,1039,14,11
1538943241567270,1040,116,111
1538943241570971,1041,13,11
1538943241575769,1042,116,111
1538943241579442,1043,13,11
1538943241584194,1044,113,108
1538943241587813,1045,13,11
1538943241592511,1046,111,108
1538943241596085,1047,13,10
1538943241600719,1048,111,106
1538943241604254,1049,12,11
1538943241608849,1050,110,106
1538943241612356,1051,12,10
1538943241616928,1052,110,106
1538943241620441,1053,12,10
1538943241625014,1054,110,105
1538943241628527,1055,13,10
1538943241633100,1056,111,104
1538943241636619,1057,12,11
1538943241641220,1058,111,106
1538943241644756,1059,12,11
1538943241649342,1060,109,106
1538943241652866,1061,12,10
1538943241657478,1062,110,107
1538943241661006,1063,13,10
1538943241665610,1064,110,106
1538943241669137,1065,13,11
1538943241673716,1066,110,105
1538943241677226,1067,12,10
1538943241681825,1068,111,105
1538943241685355,1069,12,11
1538943241689953,1070,110,105
1538943241693455,1071,13,10
1538943241698059,1072,112,107
1538943241701730,1073,15,12
1538943241706689,1074,136,123
1538943241710485,1075,30,12
1538943241715459,1076,120,115
1538943241719253,1077,14,12
1538943241724189,1078,117,112
1538943241727922,1079,13,12
1538943241732822,1080,118,112
1538943241736555,1081,14,10
1538943241741428,1082,117,112
1538943241745140,1083,13,11
1538943241749977,1084,116,111
1538943241753675,1085,13,11
1538943241758480,1086,133,112
1538943241762153,1087,13,11
1538943241766948,1088,114,110
1538943241770694,1089,13,11
1538943241775707,1090,116,110
1538943241779462,1091,13,10
1538943241784334,1092,114,108
1538943241788056,1093,13,11
1538943241792884,1094,111,107
1538943241796566,1095,12,11
1538943241801354,1096,110,106
1538943241804985,1097,13,10
1538943241809725,1098,111,105
1538943241813348,1099,13,11
1538943241818104,1100,111,105
1538943241821749,1101,13,10
1538943241826515,1102,111,107
1538943241830147,1103,12,11
1538943241834923,1104,109,105
1538943241838555,1105,13,10
1538943241843326,1106,110,105
1538943241846962,1107,13,10
1538943241851723,1108,109,105
1538943241855478,1109,13,11
1538943241860255,1110,110,106
1538943241863914,1111,13,10
1538943241868756,1112,125,118
1538943241872545,1113,12,11
1538943241877323,1114,110,106
1538943241880983,1115,13,10
1538943241885750,1116,110,105
1538943241889388,1117,12,11
1538943241894145,1118,110,105
1538943241897783,1119,12,11
1538943241902564,1120,110,106
1538943241906192,1121,12,10
1538943241911165,1122,116,109
1538943241914830,1123,13,11
1538943241919615,1124,110,106
1538943241923275,1125,13,10
1538943241928068,1126,111,106
1538943241931731,1127,13,10
1538943241936518,1128,110,105
1538943241940155,1129,12,11
1538943241944965,1130,126,119
1538943241948587,1131,13,10
1538943241953195,1132,113,107
1538943241956752,1133,13,10
1538943241961351,1134,111,106
1538943241964870,1135,12,10
1538943241969464,1136,110,106
1538943241972991,1137,13,10
1538943241977572,1138,109,105
1538943241981086,1139,13,10
1538943241985671,1140,110,105
1538943241989176,1141,13,10
1538943241993772,1142,111,106
1538943241997296,1143,12,10
1538943242001897,1144,110,105
1538943242005396,1145,12,11
1538943242009968,1146,111,107
1538943242013513,1147,13,11
1538943242018120,1148,111,105
1538943242021661,1149,13,10
1538943242026254,1150,112,106
1538943242029912,1151,13,12
1538943242034814,1152,115,111
1538943242038692,1153,14,11
1538943242043924,1154,121,116
1538943242047935,1155,13,12
1538943242053167,1156,121,116
1538943242057171,1157,14,11
1538943242062410,1158,133,116
1538943242066413,1159,14,12
1538943242071673,1160,121,116
1538943242075675,1161,14,11
1538943242080908,1162,121,117
1538943242084920,1163,14,11
1538943242090155,1164,121,116
1538943242094158,1165,13,12
1538943242099410,1166,120,117
1538943242103403,1167,14,11
1538943242108601,1168,121,115
1538943242112615,1169,13,12
1538943242117790,1170,119,115
1538943242121741,1171,14,11
1538943242126893,1172,120,116
1538943242130812,1173,14,11
1538943242135907,1174,117,112
1538943242139782,1175,13,11
1538943242144829,1176,117,111
1538943242148671,1177,13,11
1538943242153661,1178,116,109
1538943242157471,1179,13,11
1538943242162245,1180,113,111
1538943242165868,1181,13,10
1538943242170594,1182,112,109
1538943242174162,1183,13,11
1538943242178811,1184,111,107
1538943242182332,1185,13,10
1538943242186952,1186,113,105
1538943242190447,1187,13,10
1538943242195035,1188,110,105
1538943242198540,1189,12,10
1538943242203119,1190,110,105
1538943242206629,1191,13,10
1538943242211197,1192,110,106
1538943242214703,1193,13,10
1538943242219278,1194,109,106
1538943242222801,1195,13,12
1538943242227483,1196,119,114
1538943242231326,1197,14,11
1538943242236360,1198,121,115
1538943242240224,1199,14,11
1538943242245266,1200,122,116
1538943242249124,1201,14,11
1538943242254166,1202,122,116
1538943242258040,1203,14,12
1538943242263268,1204,122,116
1538943242267274,1205,14,11
1538943242272509,1206,121,116
1538943242276519,1207,14,11
1538943242281752,1208,121,116
1538943242285756,1209,14,11
1538943242291018,1210,124,116
1538943242295033,1211,13,11
1538943242300272,1212,121,116
1538943242304282,1213,13,12
1538943242309523,1214,120,116
1538943242313524,1215,14,11
1538943242318775,1216,120,116
1538943242322779,1217,14,12
1538943242328012,1218,121,116
1538943242332008,1219,13,12
1538943242337216,1220,120,114
1538943242341190,1221,14,11
1538943242346368,1222,120,128
1538943242350323,1223,13,11
1538943242355497,1224,118,114
1538943242359420,1225,13,11
1538943242364524,1226,118,113
1538943242368409,1227,14,11
1538943242373470,1228,115,111
1538943242377315,1229,13,11
1538943242382325,1230,116,126
1538943242386137,1231,13,10
1538943242391105,1232,114,109
1538943242394863,1233,13,10
1538943242399757,1234,112,108
1538943242403470,1235,13,10
1538943242408323,1236,129,121
1538943242412143,1237,14,11
1538943242416927,1238,110,106
1538943242420592,1239,12,10
1538943242425449,1240,112,105
1538943242429109,1241,13,10
1538943242433899,1242,111,107
1538943242437561,1243,12,11
1538943242442335,1244,111,122
1538943242445981,1245,12,10
1538943242450765,1246,109,105
1538943242454390,1247,12,10
1538943242459173,1248,110,106
1538943242462838,1249,12,12
1538943242467620,1250,110,104
1538943242471263,1251,13,10
1538943242476019,1252,110,107
1538943242479683,1253,12,11
1538943242484468,1254,111,105
1538943242488314,1255,14,11
1538943242493107,1256,112,107
1538943242496813,1257,13,10
1538943242501655,1258,111,106
1538943242505337,1259,12,11
1538943242510155,1260,110,106
1538943242513820,1261,13,10
1538943242518634,1262,111,107
1538943242522283,1263,13,10
1538943242527065,1264,109,106
1538943242530711,1265,12,11
1538943242535502,1266,110,106
1538943242539161,1267,13,10
1538943242543945,1268,112,105
1538943242547590,1269,13,10
1538943242552381,1270,111,105
1538943242556049,1271,13,10
1538943242560833,1272,110,107
1538943242564496,1273,12,11
1538943242569258,1274,110,106
1538943242572925,1275,12,11
1538943242577727,1276,110,106
1538943242581397,1277,13,10
1538943242586181,1278,111,106
1538943242589825,1279,12,11
1538943242594629,1280,110,106
1538943242598277,1281,12,10
1538943242603082,1282,112,106
1538943242606744,1283,12,11
1538943242611529,1284,111,106
1538943242615180,1285,12,11
1538943242619957,1286,111,106
1538943242623629,1287,12,11
1538943242628428,1288,110,106
1538943242632096,1289,13,10
1538943242636890,1290,111,106
1538943242640543,1291,13,10
1538943242645322,1292,111,107
1538943242648984,1293,13,10
1538943242653768,1294,111,106
1538943242657446,1295,13,10
1538943242662249,1296,110,106
1538943242665911,1297,13,10
1538943242670697,1298,110,105
1538943242674342,1299,13,11
1538943242679151,1300,112,106
1538943242682813,1301,13,10
1538943242687601,1302,112,107
1538943242691270,1303,12,11
1538943242696055,1304,110,105
1538943242699743,1305,16,13
1538943242704784,1306,130,119
1538943242708679,1307,18,12
1538943242713766,1308,117,111
1538943242717643,1309,13,11
1538943242722752,1310,121,116
1538943242726619,1311,13,11
1538943242731643,1312,115,111
1538943242735448,1313,13,11
1538943242740420,1314,115,110
1538943242744226,1315,13,11
1538943242749175,1316,113,110
1538943242752954,1317,13,10
1538943242757866,1318,113,108
1538943242761612,1319,12,11
1538943242766329,1320,112,127
1538943242769916,1321,12,11
1538943242774595,1322,112,108
1538943242778229,1323,13,11
1538943242783062,1324,112,106
1538943242786740,1325,13,10
1538943242791533,1326,110,106
1538943242795188,1327,12,11
1538943242799966,1328,111,105
1538943242803637,1329,12,11
1538943242808451,1330,110,106
1538943242812112,1331,13,10
1538943242816885,1332,111,107
1538943242820566,1333,12,10
1538943242825365,1334,110,106
1538943242828965,1335,13,10
1538943242833629,1336,109,105
1538943242837166,1337,13,10
1538943242841823,1338,110,106
1538943242845390,1339,13,10
1538943242850183,1340,111,105
1538943242853858,1341,13,9
1538943242858669,1342,113,107
1538943242862309,1343,13,10
1538943242867131,1344,111,106
1538943242870800,1345,12,11
1538943242875605,1346,110,106
1538943242879277,1347,12,11
1538943242884077,1348,109,105
1538943242887725,1349,13,10
1538943242892531,1350,110,107
1538943242896206,1351,13,10
1538943242901006,1352,112,107
1538943242904681,1353,12,11
1538943242909621,1354,136,130
1538943242913302,1355,13,11
1538943242917930,1356,111,106
1538943242921485,1357,12,11
1538943242926114,1358,110,105
1538943242929657,1359,12,11
1538943242934305,1360,111,117
1538943242937851,1361,12,11
1538943242942466,1362,129,107
1538943242946130,1363,12,11
1538943242950763,1364,110,106
1538943242954282,1365,12,11
1538943242958893,1366,110,106
1538943242962408,1367,13,10
1538943242967011,1368,110,106
1538943242970555,1369,13,10
1538943242975178,1370,109,107
1538943242978713,1371,13,10
1538943242983331,1372,111,105
1538943242986860,1373,12,11
1538943242991483,1374,110,106
1538943242995020,1375,13,10
1538943242999641,1376,111,106
1538943243003295,1377,13,10
1538943243008006,1378,119,114
1538943243011797,1379,14,11
1538943243016750,1380,120,114
1538943243020553,1381,14,11
1538943243025497,1382,121,113
1538943243029368,1383,15,13
1538943243035639,1384,128,119
1538943243039429,1385,14,11
1538943243044362,1386,118,113
1538943243048121,1387,14,11
1538943243053004,1388,118,112
1538943243056756,1389,14,11
1538943243061657,1390,118,111
1538943243065392,1391,13,11
1538943243070238,1392,118,112
1538943243073938,1393,12,12
1538943243078751,1394,115,110
1538943243082406,1395,13,11
1538943243087191,1396,113,110
1538943243090821,1397,13,11
1538943243095557,1398,113,107
1538943243099161,1399,13,11
1538943243103823,1400,113,108
1538943243107389,1401,13,10
1538943243112038,1402,112,108
1538943243115582,1403,12,11
1538943243120173,1404,109,106
1538943243123690,1405,12,11
1538943243128290,1406,124,116
1538943243131903,1407,13,10
1538943243136556,1408,113,109
1538943243140179,1409,13,11
1538943243144913,1410,114,108
1538943243148534,1411,13,10
1538943243153245,1412,113,109
1538943243156851,1413,13,11
1538943243161551,1414,111,107
1538943243165114,1415,12,11
1538943243169759,1416,111,107
1538943243173310,1417,13,10
1538943243177902,1418,109,106
1538943243181418,1419,13,10
1538943243186021,1420,111,105
1538943243189538,1421,12,11
1538943243194128,1422,110,106
1538943243197653,1423,13,11
1538943243202241,1424,110,105
1538943243205761,1425,12,11
1538943243210348,1426,109,124
1538943243213864,1427,12,11
1538943243218460,1428,122,106
1538943243221997,1429,12,11
1538943243226737,1430,110,106
1538943243230373,1431,12,10
1538943243235193,1432,112,107
1538943243238869,1433,12,10
1538943243243676,1434,110,105
1538943243247325,1435,12,11
1538943243252103,1436,112,106
1538943243255772,1437,12,11
1538943243260555,1438,111,105
1538943243264206,1439,12,11
1538943243268989,1440,112,105
1538943243272658,1441,13,11
1538943243277458,1442,112,107
1538943243281139,1443,13,10
1538943243285913,1444,109,106
1538943243289566,1445,12,11
1538943243294345,1446,110,118
1538943243298016,1447,13,10
1538943243302834,1448,111,105
1538943243306477,1449,12,21
1538943243311269,1450,110,105
1538943243314939,1451,13,10
1538943243319739,1452,112,107
1538943243323421,1453,13,10
1538943243328195,1454,110,105
1538943243331859,1455,12,11
1538943243336668,1456,110,106
1538943243340328,1457,12,11
1538943243345095,1458,110,105
1538943243348746,1459,13,10
1538943243353552,1460,111,106
1538943243357228,1461,13,10
1538943243362027,1462,112,107
1538943243365687,1463,12,11
1538943243370472,1464,129,107
1538943243374165,1465,13,11
1538943243379090,1466,111,106
1538943243382825,1467,13,11
1538943243387732,1468,114,108
1538943243391472,1469,13,10
1538943243396191,1470,112,108
1538943243399772,1471,13,10
1538943243404432,1472,113,107
1538943243407997,1473,12,11
1538943243412852,1474,117,109
1538943243416416,1475,12,12
1538943243421054,1476,112,106
1538943243424608,1477,13,10
1538943243429229,1478,110,105
1538943243432865,1479,13,11
1538943243437674,1480,110,105
1538943243441321,1481,13,10
1538943243446094,1482,111,107
1538943243449743,1483,12,11
1538943243454550,1484,111,106
1538943243458200,1485,13,10
1538943243462992,1486,110,106
1538943243466632,1487,12,10
1538943243471393,1488,109,106
1538943243475050,1489,13,11
1538943243479844,1490,110,107
1538943243483510,1491,12,10
1538943243488267,1492,110,106
1538943243491908,1493,13,10
1538943243496697,1494,110,106
1538943243500360,1495,13,10
1538943243505143,1496,111,105
1538943243508792,1497,12,10
1538943243513557,1498,111,105
1538943243517215,1499,13,10
1538943243521988,1500,110,107
1538943243525639,1501,12,10
1538943243530398,1502,123,108
1538943243534063,1503,12,11
1538943243538867,1504,111,107
1538943243542523,1505,13,10
1538943243547289,1506,110,105
1538943243550921,1507,13,10
1538943243555705,1508,111,107
1538943243559234,1509,13,10
1538943243563871,1510,110,106
1538943243567404,1511,13,10
1538943243572029,1512,111,108
1538943243575562,1513,13,11
1538943243580167,1514,111,105
1538943243583789,1515,12,11
1538943243588558,1516,111,106
1538943243592222,1517,13,11
1538943243597014,1518,110,105
1538943243600646,1519,13,10
1538943243605415,1520,112,106
1538943243609084,1521,12,10
1538943243613872,1522,112,107
1538943243617523,1523,12,11
1538943243622301,1524,110,117
1538943243625962,1525,13,10
1538943243630767,1526,124,118
1538943243634554,1527,13,11
1538943243639354,1528,111,107
1538943243643037,1529,12,11
1538943243647876,1530,111,107
1538943243651560,1531,13,11
1538943243656368,1532,110,108
1538943243660029,1533,13,11
1538943243664813,1534,111,106
1538943243668468,1535,13,10
1538943243673227,1536,110,106
1538943243676888,1537,13,10
1538943243681673,1538,111,106
1538943243685342,1539,13,10
1538943243690115,1540,110,105
1538943243693760,1541,12,11
1538943243698560,1542,112,107
1538943243702342,1543,15,12
1538943243707406,1544,115,108
1538943243711155,1545,13,12
1538943243716142,1546,113,109
1538943243719975,1547,13,10
1538943243724962,1548,113,107
1538943243728705,1549,13,10
1538943243733606,1550,113,108
1538943243737337,1551,13,9
1538943243742195,1552,112,107
1538943243745892,1553,13,10
1538943243750754,1554,110,106
1538943243754412,1555,12,11
1538943243759247,1556,110,106
1538943243762905,1557,12,11
1538943243767690,1558,110,105
1538943243771340,1559,13,11
1538943243776126,1560,110,105
1538943243779774,1561,13,10
1538943243784545,1562,111,106
1538943243788205,1563,12,10
1538943243792970,1564,110,106
1538943243796608,1565,12,11
1538943243801384,1566,109,105
1538943243805031,1567,12,11
1538943243809804,1568,110,105
1538943243813452,1569,12,11
1538943243818230,1570,109,105
1538943243821881,1571,12,10
1538943243826676,1572,109,107
1538943243830314,1573,13,10
1538943243835104,1574,109,106
1538943243838752,1575,12,11
1538943243843545,1576,111,106
1538943243847210,1577,12,11
1538943243851983,1578,110,105
1538943243855634,1579,12,11
1538943243860420,1580,111,107
1538943243864096,1581,13,10
1538943243868946,1582,123,120
1538943243872684,1583,13,11
1538943243877502,1584,112,107
1538943243881207,1585,13,10
1538943243886040,1586,112,106
1538943243889738,1587,13,10
1538943243894566,1588,110,106
1538943243898226,1589,12,11
1538943243903038,1590,110,105
1538943243906687,1591,13,10
1538943243911641,1592,137,115
1538943243915207,1593,13,11
1538943243919832,1594,111,107
1538943243923401,1595,13,10
1538943243928040,1596,111,105
1538943243931579,1597,12,11
1538943243936208,1598,111,106
1538943243939753,1599,12,11
1538943243944378,1600,112,105
1538943243948065,1601,13,10
1538943243952652,1602,112,109
1538943243956217,1603,12,11
1538943243960849,1604,111,106
1538943243964389,1605,12,11
1538943243968994,1606,112,105
1538943243972532,1607,13,10
1538943243977118,1608,110,105
1538943243980730,1609,13,11
1538943243985371,1610,111,108
1538943243988933,1611,12,11
1538943243993581,1612,112,108
1538943243997235,1613,12,11
1538943244002053,1614,111,107
1538943244005725,1615,13,11
1538943244010547,1616,112,106
1538943244014210,1617,12,11
1538943244018992,1618,111,107
1538943244022663,1619,13,11
1538943244027476,1620,112,106
1538943244031295,1621,14,23
1538943244036386,1622,118,114
1538943244040388,1623,13,12
1538943244045640,1624,121,117
1538943244049655,1625,13,12
1538943244054924,1626,121,116
1538943244058940,1627,14,11
1538943244064197,1628,122,115
1538943244068213,1629,14,11
1538943244073277,1630,124,116
1538943244077162,1631,13,12
1538943244082232,1632,122,116
1538943244086111,1633,14,11
1538943244091189,1634,121,116
1538943244095067,1635,14,12
1538943244100121,1636,120,116
1538943244104001,1637,13,11
1538943244109053,1638,121,116
1538943244112929,1639,13,12
1538943244118000,1640,121,116
1538943244121886,1641,14,11
1538943244126975,1642,120,116
1538943244130916,1643,15,12
1538943244136139,1644,120,115
1538943244140116,1645,14,12
1538943244145307,1646,120,115
1538943244149258,1647,14,11
1538943244154406,1648,137,113
1538943244158329,1649,14,11
1538943244163464,1650,117,112
1538943244167349,1651,13,12
1538943244172411,1652,119,113
1538943244176266,1653,13,12
1538943244181273,1654,115,110
1538943244185088,1655,12,11
1538943244190038,1656,113,109
1538943244193802,1657,12,11
1538943244198713,1658,111,107
1538943244202419,1659,12,10
1538943244207274,1660,110,107
1538943244210946,1661,13,10
1538943244215780,1662,111,108
1538943244219479,1663,12,11
1538943244224298,1664,110,106
1538943244227956,1665,12,11
1538943244232724,1666,109,106
1538943244236363,1667,13,10
1538943244241129,1668,110,105
1538943244244787,1669,13,10
1538943244249566,1670,109,106
1538943244253205,1671,13,10
1538943244257969,1672,111,106
1538943244261620,1673,12,10
1538943244266397,1674,121,105
1538943244270045,1675,13,10
1538943244274811,1676,110,105
1538943244278439,1677,13,10
1538943244283226,1678,109,105
1538943244286874,1679,12,11
1538943244291648,1680,110,105
1538943244295305,1681,12,11
1538943244300078,1682,110,106
1538943244303733,1683,12,11
1538943244308503,1684,110,106
1538943244312138,1685,13,10
1538943244316908,1686,110,105
1538943244320555,1687,13,10
1538943244325327,1688,111,105
1538943244328987,1689,12,11
1538943244333767,1690,110,106
1538943244337424,1691,13,10
1538943244342199,1692,110,106
1538943244345849,1693,12,11
1538943244350638,1694,110,105
1538943244354275,1695,12,11
1538943244359066,1696,111,105
1538943244362721,1697,12,11
1538943244367503,1698,110,106
1538943244371160,1699,12,11
1538943244375941,1700,111,105
1538943244379592,1701,12,10
1538943244384370,1702,110,106
1538943244388031,1703,13,10
1538943244392818,1704,109,106
1538943244396474,1705,12,11
1538943244401247,1706,109,105
1538943244404991,1707,12,11
1538943244409791,1708,111,107
1538943244413608,1709,16,13
1538943244418279,1710,113,119
1538943244421913,1711,15,11
1538943244426646,1712,113,108
1538943244430206,1713,12,10
1538943244434833,1714,111,106
1538943244438354,1715,12,11
1538943244442965,1716,111,106
1538943244446486,1717,31,11
1538943244451085,1718,110,105
1538943244454604,1719,12,10
1538943244459194,1720,111,105
1538943244462726,1721,13,10
1538943244467350,1722,110,107
1538943244470871,1723,12,10
1538943244475441,1724,111,105
1538943244478957,1725,12,10
1538943244483513,1726,111,105
1538943244487173,1727,13,11
1538943244491744,1728,111,105
1538943244495278,1729,13,10
1538943244499900,1730,112,106
1538943244503453,1731,13,10
1538943244508076,1732,113,107
1538943244511618,1733,13,10
1538943244516210,1734,110,105
1538943244519718,1735,12,10
1538943244524295,1736,110,105
1538943244527804,1737,12,11
1538943244532397,1738,112,105
1538943244535939,1739,12,11
1538943244540552,1740,111,106
1538943244544070,1741,12,11
1538943244548649,1742,111,106
1538943244552158,1743,13,10
1538943244556737,1744,109,105
1538943244560244,1745,12,10
1538943244564837,1746,111,106
1538943244568369,1747,13,10
1538943244572959,1748,110,106
1538943244576492,1749,13,10
1538943244581092,1750,110,105
1538943244584604,1751,13,11
1538943244589185,1752,112,106
1538943244592721,1753,13,10
1538943244597334,1754,109,106
1538943244600850,1755,12,11
1538943244605433,1756,110,105
1538943244608935,1757,12,10
1538943244613499,1758,109,106
1538943244617032,1759,13,10
1538943244621659,1760,110,107
1538943244625197,1761,12,10
1538943244629798,1762,110,107
1538943244633319,1763,13,10
1538943244637930,1764,112,106
1538943244641469,1765,13,10
1538943244646130,1766,112,107
1538943244649668,1767,13,10
1538943244654313,1768,111,124
1538943244657880,1769,12,11
1538943244662562,1770,112,105
1538943244666089,1771,13,10
1538943244670733,1772,113,107
1538943244674353,1773,12,11
1538943244679161,1774,110,105
1538943244682813,1775,12,10
1538943244687584,1776,111,105
1538943244691242,1777,12,11
1538943244696014,1778,110,105
1538943244699707,1779,14,12
1538943244704815,1780,148,128
1538943244708828,1781,30,18
1538943244713963,1782,171,141
1538943244718030,1783,34,21
1538943244723251,1784,165,141
1538943244727258,1785,27,18
1538943244732457,1786,160,131
1538943244736455,1787,34,20
1538943244741663,1788,173,354
1538943244746443,1789,24,16
1538943244751263,1790,117,111
1538943244754914,1791,14,11
1538943244759644,1792,116,110
1538943244763276,1793,13,10
1538943244767978,1794,114,108
1538943244771570,1795,13,11
1538943244776237,1796,112,107
1538943244779805,1797,13,11
1538943244784432,1798,110,107
1538943244787982,1799,13,10
1538943244792602,1800,111,106
1538943244796127,1801,13,10
1538943244800720,1802,111,107
1538943244804261,1803,13,10
1538943244808866,1804,111,106
1538943244812387,1805,13,10
1538943244816986,1806,111,106
1538943244820507,1807,12,11
1538943244825121,1808,112,106
1538943244828765,1809,13,11
1538943244833395,1810,113,106
1538943244836975,1811,14,10
1538943244841648,1812,112,109
1538943244845221,1813,13,11
1538943244849862,1814,112,107
1538943244853405,1815,13,10
1538943244858027,1816,110,106
1538943244861562,1817,13,11
1538943244866151,1818,110,105
1538943244869672,1819,13,10
1538943244874262,1820,109,106
1538943244877804,1821,13,10
1538943244882414,1822,123,107
1538943244885950,1823,12,11
1538943244890555,1824,110,105
1538943244894058,1825,12,11
1538943244898686,1826,111,106
1538943244902214,1827,13,10
1538943244906832,1828,109,105
1538943244910341,1829,13,10
1538943244915221,1830,117,110
1538943244918777,1831,13,11
1538943244923396,1832,111,107
1538943244926929,1833,12,11
1538943244931535,1834,110,106
1538943244935066,1835,13,11
1538943244939682,1836,109,105
1538943244943197,1837,12,11
1538943244947968,1838,112,106
1538943244951501,1839,12,11
1538943244956100,1840,110,106
1538943244959626,1841,12,11
1538943244964228,1842,111,107
1538943244967827,1843,12,11
1538943244972605,1844,112,106
1538943244976268,1845,12,11
1538943244981055,1846,111,106
1538943244984721,1847,13,10
1538943244989479,1848,111,105
1538943244993127,1849,13,10
1538943244997926,1850,111,106
1538943245001637,1851,14,11
1538943245006534,1852,112,108
1538943245010197,1853,13,10
1538943245015028,1854,113,107
1538943245018721,1855,12,11
1538943245023508,1856,114,107
1538943245027181,1857,12,11
1538943245032203,1858,125,128
1538943245035855,1859,18,14
1538943245040826,1860,121,117
1538943245044688,1861,13,11
1538943245049727,1862,121,118
1538943245053593,1863,13,12
1538943245058645,1864,124,115
1538943245062509,1865,14,11
1538943245067553,1866,121,116
1538943245071416,1867,13,12
1538943245076451,1868,121,115
1538943245080318,1869,13,12
1538943245085364,1870,120,116
1538943245089224,1871,13,12
1538943245094266,1872,121,129
1538943245098132,1873,14,11
1538943245103186,1874,121,116
1538943245107047,1875,15,11
1538943245112057,1876,120,115
1538943245115889,1877,14,11
1538943245120882,1878,120,114
1538943245124698,1879,15,11
1538943245129687,1880,121,115
1538943245133491,1881,13,11
1538943245138427,1882,136,115
1538943245142208,1883,13,12
1538943245147112,1884,118,112
1538943245150959,1885,13,12
1538943245156002,1886,115,110
1538943245159840,1887,13,11
1538943245164825,1888,114,110
1538943245168620,1889,13,11
1538943245173399,1890,114,108
1538943245177015,1891,12,11
1538943245181689,1892,112,109
1538943245185360,1893,12,11
1538943245190176,1894,112,105
1538943245193840,1895,12,10
1538943245198624,1896,111,105
1538943245202254,1897,12,11
1538943245207050,1898,111,106
1538943245210698,1899,13,10
1538943245215488,1900,111,106
1538943245219156,1901,13,10
1538943245223966,1902,111,106
1538943245227619,1903,13,10
1538943245232387,1904,111,105
1538943245236054,1905,13,11
1538943245240850,1906,110,106
1538943245244517,1907,12,11
1538943245249285,1908,110,105
1538943245253001,1909,14,11
1538943245257845,1910,111,106
1538943245261530,1911,13,10
1538943245266352,1912,111,125
1538943245270031,1913,12,10
1538943245274844,1914,110,106
1538943245278514,1915,13,10
1538943245283285,1916,109,105
1538943245286954,1917,12,11
1538943245291750,1918,111,106
1538943245295426,1919,13,10
1538943245300216,1920,110,105
1538943245303873,1921,13,10
1538943245308675,1922,111,107
1538943245312347,1923,13,11
1538943245317147,1924,110,106
1538943245320811,1925,13,10
1538943245325595,1926,111,106
1538943245329267,1927,12,10
1538943245334070,1928,111,106
1538943245337737,1929,13,10
1538943245342563,1930,111,106
1538943245346222,1931,13,10
1538943245351030,1932,111,106
1538943245354686,1933,13,10
1538943245359483,1934,110,106
1538943245363153,1935,12,11
1538943245367959,1936,110,106
1538943245371629,1937,13,10
1538943245376433,1938,110,106
1538943245380083,1939,12,10
1538943245384884,1940,111,106
1538943245388561,1941,12,11
1538943245393535,1942,112,107
1538943245397209,1943,12,11
1538943245402042,1944,112,107
1538943245405737,1945,13,10
1538943245410555,1946,111,106
1538943245414432,1947,16,14
1538943245419050,1948,115,112
1538943245422610,1949,13,11
1538943245427265,1950,111,106
1538943245430795,1951,12,10
1538943245435403,1952,112,107
1538943245438941,1953,12,11
1538943245443551,1954,111,106
1538943245447087,1955,12,11
1538943245451691,1956,111,106
1538943245455222,1957,13,11
1538943245459844,1958,110,106
1538943245463381,1959,13,10
1538943245468019,1960,110,106
1538943245471557,1961,13,10
1538943245476174,1962,113,106
1538943245479717,1963,13,11
1538943245484296,1964,111,105
1538943245487941,1965,13,10
1538943245492736,1966,110,106
1538943245496417,1967,12,11
1538943245501213,1968,110,106
1538943245504881,1969,13,10
1538943245509706,1970,111,105
1538943245513359,1971,12,10
1538943245518148,1972,112,107
1538943245521828,1973,13,10
1538943245526638,1974,111,106
1538943245530296,1975,12,11
1538943245535111,1976,110,106
1538943245538785,1977,13,10
1538943245543559,1978,110,105
1538943245547232,1979,12,11
1538943245552036,1980,111,106
1538943245555705,1981,13,10
1538943245560525,1982,112,107
1538943245564199,1983,12,11
1538943245569004,1984,111,106
1538943245572661,1985,12,11
1538943245577454,1986,111,107
1538943245581125,1987,13,10
1538943245585907,1988,110,106
1538943245589575,1989,13,10
1538943245594386,1990,123,105
1538943245598056,1991,12,10
1538943245602867,1992,110,106
1538943245606518,1993,12,11
1538943245611314,1994,110,105
1538943245614990,1995,12,11
1538943245619785,1996,110,106
1538943245623471,1997,12,11
1538943245628283,1998,110,106
1538943245632006,1999,11,9
